{
"type": "FeatureCollection",
"crs": { "type": "name", "properties": { "name": "urn:ogc:def:crs:OGC:1.3:CRS84" } },
"features": [
{ "type": "Feature", "properties": { "OBJECTID": 1286, "Block_ID": "012", "PBLK_N": 101638.0, "Property": "LIVINGSTON RANCHES", "Shape_STAr": 384474.92720600002, "Shape_STLe": 2785.84438684, "Block_Cult": "SYRAH", "Block_Trel": "LIV. DIVIDED CANOPY", "Plany_Year": 1995.0, "SP": 8.0, "RW": 10.0, "Acerage": 94.96 }, "geometry": { "type": "Polygon", "coordinates": [ [ [ -120.840350732545019, 37.367198322395254 ], [ -120.83990945452453, 37.36738539028245 ], [ -120.83951830585093, 37.367531550338626 ], [ -120.839282856685713, 37.367635095191531 ], [ -120.838801670026768, 37.367826743773307 ], [ -120.838695016240848, 37.36786730978929 ], [ -120.838278548448159, 37.367948979321454 ], [ -120.837720636062798, 37.368041593392348 ], [ -120.837257308492056, 37.368124801432771 ], [ -120.837133405986563, 37.36815213508654 ], [ -120.83710793509664, 37.368162498598281 ], [ -120.837009402971162, 37.368187436340158 ], [ -120.836539981214884, 37.368349562947351 ], [ -120.836122564480746, 37.368493573335719 ], [ -120.836028285553596, 37.368522691532199 ], [ -120.835624391265497, 37.368660908904879 ], [ -120.835535820611199, 37.368682008863395 ], [ -120.835215425948121, 37.368786233818952 ], [ -120.83521415432142, 37.368741347270515 ], [ -120.835179014456344, 37.368747286337609 ], [ -120.83517103980104, 37.368807909941779 ], [ -120.83484162642732, 37.36890838090774 ], [ -120.834596118376908, 37.368989021412659 ], [ -120.834591677171289, 37.368964744827252 ], [ -120.834562649418288, 37.368969492991873 ], [ -120.834555513226121, 37.368882128845989 ], [ -120.834488356960136, 37.368881888437855 ], [ -120.834478629927801, 37.369038157296202 ], [ -120.834414091569712, 37.369056034819913 ], [ -120.834072818921413, 37.369161226911615 ], [ -120.833989404864084, 37.369192971688285 ], [ -120.833416914334393, 37.369386648764944 ], [ -120.833322519952617, 37.369407966818571 ], [ -120.833002522224461, 37.369511720590438 ], [ -120.832912179659715, 37.369536665142697 ], [ -120.832596115260401, 37.369643323976788 ], [ -120.832489040900924, 37.369677152782863 ], [ -120.832410394309349, 37.369704607045108 ], [ -120.832410472558877, 37.36960718685053 ], [ -120.832418431353403, 37.369287742518353 ], [ -120.832416089749586, 37.368940424379808 ], [ -120.832414666696295, 37.368508811869823 ], [ -120.832420965977832, 37.368136449129473 ], [ -120.832424121213791, 37.367728798306992 ], [ -120.832424136929504, 37.367364339380593 ], [ -120.832427467963072, 37.366914015675711 ], [ -120.832433370196654, 37.366451390585439 ], [ -120.832436123374464, 37.36608170547062 ], [ -120.832438943747832, 37.365698849447313 ], [ -120.83244195193852, 37.365304019062904 ], [ -120.83244486140778, 37.364922376855624 ], [ -120.832445042023664, 37.364431888111582 ], [ -120.832450226838262, 37.364346689469883 ], [ -120.832609563285729, 37.364350376610737 ], [ -120.832699701602635, 37.364350810102472 ], [ -120.832713193614595, 37.364296865530534 ], [ -120.832751152615131, 37.364218404484198 ], [ -120.833025660526133, 37.364216451582912 ], [ -120.833433247104068, 37.364216733999633 ], [ -120.833433317792355, 37.364161116360641 ], [ -120.833434229644226, 37.363922003845651 ], [ -120.833423531695985, 37.363555095271799 ], [ -120.833470744316074, 37.363469876990756 ], [ -120.83352359209799, 37.363441028087493 ], [ -120.833847253437597, 37.363450353410798 ], [ -120.834190936377354, 37.363448146715129 ], [ -120.834601110282648, 37.363447804250377 ], [ -120.835034160273565, 37.36344448065978 ], [ -120.835595496615397, 37.363446430949374 ], [ -120.836375880944473, 37.363446444567032 ], [ -120.836371215630308, 37.363602769077623 ], [ -120.836435522251804, 37.363602998707613 ], [ -120.836436387550961, 37.363449666912757 ], [ -120.836624265997017, 37.363450627586509 ], [ -120.837011023781599, 37.363452474370426 ], [ -120.837246211468127, 37.363446681154969 ], [ -120.837673568023661, 37.363445667610797 ], [ -120.837863369361514, 37.363442719260092 ], [ -120.838200030004515, 37.363443914954217 ], [ -120.838861650890863, 37.363440003058273 ], [ -120.839237388968144, 37.363441036766432 ], [ -120.839650369576901, 37.363436240920521 ], [ -120.84000616294675, 37.363440188969108 ], [ -120.840439856654285, 37.363445832892197 ], [ -120.840439060016323, 37.363461100558801 ], [ -120.840432544689904, 37.363708596794311 ], [ -120.84043034307453, 37.364002785238789 ], [ -120.840427511908473, 37.364382041636425 ], [ -120.840424394122408, 37.364800830212673 ], [ -120.840426694874068, 37.365247133189484 ], [ -120.84042384404988, 37.365630517105238 ], [ -120.84042375185156, 37.366100740685894 ], [ -120.840422679282852, 37.366548230571283 ], [ -120.840419236275281, 37.367008677265424 ], [ -120.84042259839012, 37.367162765513761 ], [ -120.840350732545019, 37.367198322395254 ] ], [ [ -120.836429084634247, 37.364667302457768 ], [ -120.836338315619585, 37.364663972240187 ], [ -120.836340724189199, 37.364907512825013 ], [ -120.836370765535932, 37.364946705291999 ], [ -120.836435225536476, 37.364919876008877 ], [ -120.836429084634247, 37.364667302457768 ] ], [ [ -120.83319867215809, 37.364752284776976 ], [ -120.833162411996966, 37.364752154172791 ], [ -120.833159443692352, 37.364694504858086 ], [ -120.83309758570158, 37.364692366235204 ], [ -120.833095591257134, 37.364909110959964 ], [ -120.833162312126461, 37.364910178323896 ], [ -120.83316264776289, 37.364851196964267 ], [ -120.833198120333904, 37.36484922077053 ], [ -120.83319867215809, 37.364752284776976 ] ] ] } },
{ "type": "Feature", "properties": { "OBJECTID": 1290, "Block_ID": "013", "PBLK_N": 114901.0, "Property": "LIVINGSTON RANCHES", "Shape_STAr": 217547.313819, "Shape_STLe": 2074.62613216, "Block_Cult": "SYRAH", "Block_Trel": "LIV. DIVIDED CANOPY", "Plany_Year": 1995.0, "SP": 7.0, "RW": 12.0, "Acerage": 53.36 }, "geometry": { "type": "Polygon", "coordinates": [ [ [ -120.832493448338084, 37.36335916906728 ], [ -120.832522140906391, 37.360555693028886 ], [ -120.840388692553901, 37.360547421485748 ], [ -120.840359976143972, 37.363373769974572 ], [ -120.832493448338084, 37.36335916906728 ] ], [ [ -120.836447175452363, 37.361874475375181 ], [ -120.836358231673785, 37.361875970536218 ], [ -120.836357198316961, 37.362059027875851 ], [ -120.8364529727491, 37.362059369470629 ], [ -120.836447175452363, 37.361874475375181 ] ] ] } },
{ "type": "Feature", "properties": { "OBJECTID": 1292, "Block_ID": "046", "PBLK_N": 111041.0, "Property": "LIVINGSTON RANCHES", "Shape_STAr": 7369.0919346800001, "Shape_STLe": 747.21167663300002, "Block_Cult": "VIOGNIER", "Block_Trel": "LIV. DIVIDED CANOPY", "Plany_Year": 1996.0, "SP": 5.0, "RW": 11.0, "Acerage": 1.77 }, "geometry": { "type": "Polygon", "coordinates": [ [ [ -120.791118061263759, 37.367876590755955 ], [ -120.787281084590546, 37.367920597724137 ], [ -120.787284990902592, 37.367701068619994 ], [ -120.788128006231574, 37.367694983375493 ], [ -120.788135858060173, 37.367720508394505 ], [ -120.78817140361484, 37.367756669915693 ], [ -120.788407167831437, 37.367759378997626 ], [ -120.788402032917574, 37.36769488989539 ], [ -120.789383823589645, 37.367699920692964 ], [ -120.789385709787936, 37.36769992978909 ], [ -120.789400654123043, 37.367717996717161 ], [ -120.789445873847512, 37.367724224762114 ], [ -120.789560908309838, 37.367727811370344 ], [ -120.789581742336182, 37.367717424015275 ], [ -120.789587534766113, 37.367700963164516 ], [ -120.790569383319237, 37.367690993527226 ], [ -120.790573155725042, 37.367691012581425 ], [ -120.790603165992621, 37.367712154150404 ], [ -120.790648288762668, 37.367730374251117 ], [ -120.790648277335706, 37.367731873085546 ], [ -120.790712443714966, 37.367727704036405 ], [ -120.79073515123514, 37.367718825296251 ], [ -120.79074852476252, 37.367697905968626 ], [ -120.79116160237011, 37.367700014923479 ], [ -120.791153415270827, 37.367779427021141 ], [ -120.791124291702474, 37.367781175805597 ], [ -120.791107818881144, 37.367819670838912 ], [ -120.791101895681692, 37.367850477894805 ], [ -120.791118061263759, 37.367876590755955 ] ] ] } },
{ "type": "Feature", "properties": { "OBJECTID": 1295, "Block_ID": "022", "PBLK_N": 114380.0, "Property": "LIVINGSTON RANCHES", "Shape_STAr": 152218.597496, "Shape_STLe": 1560.62673599, "Block_Cult": "PINOT NOIR", "Block_Trel": "SPLIT", "Plany_Year": 1997.0, "SP": 5.0, "RW": 10.0, "Acerage": 37.46 }, "geometry": { "type": "Polygon", "coordinates": [ [ [ -120.839198213797474, 37.356787976521154 ], [ -120.837051848137534, 37.356784322124938 ], [ -120.837126474851118, 37.353315815327768 ], [ -120.841588500075716, 37.353319788643702 ], [ -120.841513798498582, 37.35678843335112 ], [ -120.839198213797474, 37.356787976521154 ] ] ] } },
{ "type": "Feature", "properties": { "OBJECTID": 1297, "Block_ID": "073", "PBLK_N": 101569.0, "Property": "LIVINGSTON RANCHES", "Shape_STAr": 375442.96428199997, "Shape_STLe": 4288.3058706399997, "Block_Cult": "PINOT NOIR", "Block_Trel": "SPLIT", "Plany_Year": 2003.0, "SP": 7.0, "RW": 12.0, "Acerage": 94.24 }, "geometry": { "type": "MultiPolygon", "coordinates": [ [ [ [ -120.782310869037701, 37.367596117558683 ], [ -120.782168931831322, 37.367533823478254 ], [ -120.782039859380774, 37.367531288950872 ], [ -120.781888023463765, 37.367599522471387 ], [ -120.778284658999183, 37.36761809912413 ], [ -120.778251907008439, 37.367604870093167 ], [ -120.778271083197836, 37.366703476343446 ], [ -120.778272300094443, 37.3659873367816 ], [ -120.778401893505276, 37.365926453659192 ], [ -120.778402232125956, 37.3658854164403 ], [ -120.778270969767021, 37.365864211663343 ], [ -120.778266052118411, 37.365038116219779 ], [ -120.778275431261534, 37.364186164133223 ], [ -120.778274008701246, 37.364074261374945 ], [ -120.778271769619479, 37.364061192004975 ], [ -120.782641228045748, 37.364070164052784 ], [ -120.782623056698284, 37.366747692397936 ], [ -120.782604326370688, 37.367588309904079 ], [ -120.782310869037701, 37.367596117558683 ] ] ], [ [ [ -120.778251648538358, 37.364024783775676 ], [ -120.778263093847713, 37.363491334726639 ], [ -120.778246896566003, 37.363463269082175 ], [ -120.778272139351586, 37.362395445070796 ], [ -120.778276918423046, 37.362100734229806 ], [ -120.77825400405959, 37.362033320120155 ], [ -120.778275191048863, 37.360603897809128 ], [ -120.778319764821731, 37.360605996038942 ], [ -120.778320042504575, 37.360572419691927 ], [ -120.781637750149827, 37.36056728660693 ], [ -120.78270560282246, 37.360567223692279 ], [ -120.782652387961306, 37.363337730418664 ], [ -120.782649261590677, 37.364005532432827 ], [ -120.778251648538358, 37.364024783775676 ] ] ], [ [ [ -120.782740489076701, 37.367573439188703 ], [ -120.782786351504868, 37.364113756129584 ], [ -120.782943949420428, 37.364114572143322 ], [ -120.782947430233037, 37.364049151766125 ], [ -120.784934002419988, 37.364039378541136 ], [ -120.784909688319345, 37.367553333473396 ], [ -120.782740489076701, 37.367573439188703 ] ] ] ] } },
{ "type": "Feature", "properties": { "OBJECTID": 1301, "Block_ID": "044", "PBLK_N": 117739.0, "Property": "LIVINGSTON RANCHES", "Shape_STAr": 29456.6267486, "Shape_STLe": 879.65541954900004, "Block_Cult": "PINOT NOIR", "Block_Trel": "LIV. DIVIDED CANOPY", "Plany_Year": 1996.0, "SP": 5.0, "RW": 11.0, "Acerage": 7.19 }, "geometry": { "type": "Polygon", "coordinates": [ [ [ -120.78726712772324, 37.368634328158763 ], [ -120.791299501531782, 37.368593968847193 ], [ -120.791288744985522, 37.369092739098242 ], [ -120.791038005699122, 37.369100453677163 ], [ -120.790952762008502, 37.369144991767428 ], [ -120.790850881053188, 37.369147469863947 ], [ -120.790847103494599, 37.369381315619115 ], [ -120.790334781197316, 37.369386193441535 ], [ -120.788920460569969, 37.369390948090462 ], [ -120.787247689490698, 37.36938086587967 ], [ -120.78726712772324, 37.368634328158763 ] ] ] } },
{ "type": "Feature", "properties": { "OBJECTID": 1303, "Block_ID": "063", "PBLK_N": 101549.0, "Property": "LIVINGSTON RANCHES", "Shape_STAr": 765281.82169899996, "Shape_STLe": 3820.5393278000001, "Block_Cult": "PINOT GRIS", "Block_Trel": "STACKED-T", "Plany_Year": 2014.0, "SP": 4.0, "RW": 10.0, "Acerage": 189.68 }, "geometry": { "type": "Polygon", "coordinates": [ [ [ -120.859610690155066, 37.356474847658056 ], [ -120.856120052060149, 37.357806754910179 ], [ -120.854885588178703, 37.358226585412247 ], [ -120.853983484921599, 37.358845568056537 ], [ -120.852535341902467, 37.359690213905424 ], [ -120.851359471655712, 37.3604887784103 ], [ -120.850862446262184, 37.361005865554574 ], [ -120.850785926801635, 37.361059837727019 ], [ -120.850766744425528, 37.360976270364382 ], [ -120.850870838433138, 37.358755347760301 ], [ -120.850631892931119, 37.35874788131602 ], [ -120.850603063477749, 37.358337617849443 ], [ -120.850586544130579, 37.355432054705325 ], [ -120.850965007056544, 37.35542666417652 ], [ -120.850954995435245, 37.355303954410132 ], [ -120.850601527869998, 37.355301116653273 ], [ -120.850565832199393, 37.354419910397411 ], [ -120.850658519456459, 37.351757329205185 ], [ -120.850822228257115, 37.349718643300875 ], [ -120.859725014039441, 37.349786587761642 ], [ -120.859610690155066, 37.356474847658056 ] ] ] } },
{ "type": "Feature", "properties": { "OBJECTID": 1307, "Block_ID": "061", "PBLK_N": 101551.0, "Property": "LIVINGSTON RANCHES", "Shape_STAr": 289256.93702399998, "Shape_STLe": 2363.4558512, "Block_Cult": "PINOT GRIS", "Block_Trel": "4-WIRE VERTICAL W/O", "Plany_Year": 2002.0, "SP": 6.0, "RW": 10.0, "Acerage": 70.4 }, "geometry": { "type": "Polygon", "coordinates": [ [ [ -120.778005337557076, 37.360250335533422 ], [ -120.778004500509908, 37.360351484720553 ], [ -120.772280372319173, 37.360356858775567 ], [ -120.772278454953451, 37.360340534201249 ], [ -120.772335954138939, 37.360337574224872 ], [ -120.772334473461484, 37.360269042184122 ], [ -120.772270803813228, 37.360273601184815 ], [ -120.772331637393435, 37.360209589742347 ], [ -120.772649756425736, 37.359912219823649 ], [ -120.773609746638641, 37.359089849545477 ], [ -120.773579323534449, 37.358865574255233 ], [ -120.77243507881451, 37.356031087629759 ], [ -120.772426056374456, 37.355952651093475 ], [ -120.772428412992426, 37.355840735372489 ], [ -120.7724633767656, 37.355741427770525 ], [ -120.772744553415961, 37.355499827322269 ], [ -120.773440611296607, 37.354960299703045 ], [ -120.773986300955812, 37.354566568533926 ], [ -120.774065956788334, 37.354517320673537 ], [ -120.774430206230676, 37.354306031413856 ], [ -120.774660484299574, 37.354246672024949 ], [ -120.775042999580464, 37.354237777291878 ], [ -120.775369982520616, 37.354241915623362 ], [ -120.776111377774086, 37.354497790812751 ], [ -120.777002808713533, 37.354806514261888 ], [ -120.777058991606225, 37.354842584092161 ], [ -120.777275384040948, 37.354843715813708 ], [ -120.777986437911707, 37.35483940151925 ], [ -120.777990367363742, 37.35486063198401 ], [ -120.778037572063795, 37.354860877903448 ], [ -120.778114686883598, 37.354967329635151 ], [ -120.778082163126086, 37.356915777663581 ], [ -120.778030851727067, 37.356915509990699 ], [ -120.778030299064952, 37.356982399115481 ], [ -120.778083662652591, 37.356982677677131 ], [ -120.77807657314338, 37.358585420344397 ], [ -120.778033088456851, 37.358631358874796 ], [ -120.777946883071479, 37.358630908778252 ], [ -120.777948059307292, 37.358736963042325 ], [ -120.778069170255591, 37.358735964430373 ], [ -120.778065437006561, 37.36018106137756 ], [ -120.778005337557076, 37.360250335533422 ] ], [ [ -120.775031226211681, 37.356897963854045 ], [ -120.775037221782156, 37.356975439308101 ], [ -120.775080471351345, 37.356984221595944 ], [ -120.775240743820959, 37.356977991712306 ], [ -120.775249927703484, 37.356897135705395 ], [ -120.775031226211681, 37.356897963854045 ] ] ] } },
{ "type": "Feature", "properties": { "OBJECTID": 1308, "Block_ID": "066", "PBLK_N": 101552.0, "Property": "LIVINGSTON RANCHES", "Shape_STAr": 263407.67798199999, "Shape_STLe": 2719.95750641, "Block_Cult": "PINOT GRIS", "Block_Trel": "SPLIT", "Plany_Year": 2012.0, "SP": 4.0, "RW": 10.0, "Acerage": 65.68 }, "geometry": { "type": "MultiPolygon", "coordinates": [ [ [ [ -120.821111686217662, 37.374710706715895 ], [ -120.820139858164453, 37.374906672396527 ], [ -120.814171681446808, 37.37491976438239 ], [ -120.814196179671256, 37.3717721613612 ], [ -120.822357418020658, 37.371727454248393 ], [ -120.822365588845358, 37.374112695963959 ], [ -120.821111686217662, 37.374710706715895 ] ] ], [ [ [ -120.822416060377279, 37.374113757377515 ], [ -120.822427623089339, 37.371718771562207 ], [ -120.823162397659033, 37.371711515122733 ], [ -120.823160065705693, 37.373792968649113 ], [ -120.822416060377279, 37.374113757377515 ] ] ] ] } },
{ "type": "Feature", "properties": { "OBJECTID": 1309, "Block_ID": "045", "PBLK_N": 118252.0, "Property": "LIVINGSTON RANCHES", "Shape_STAr": 28336.9570494, "Shape_STLe": 868.56567879500005, "Block_Cult": "PINOT GRIS", "Block_Trel": "LIV. DIVIDED CANOPY", "Plany_Year": 1996.0, "SP": 5.0, "RW": 11.0, "Acerage": 7.1 }, "geometry": { "type": "Polygon", "coordinates": [ [ [ -120.787281084590546, 37.367920597724137 ], [ -120.791118061263759, 37.367876590755955 ], [ -120.791194483254856, 37.367876981199117 ], [ -120.791224999037595, 37.367877624226452 ], [ -120.791230293795181, 37.367922625598787 ], [ -120.791260182294877, 37.367958757197471 ], [ -120.791312877981326, 37.367973734030109 ], [ -120.791299501531782, 37.368593968847193 ], [ -120.78726712772324, 37.368634328158763 ], [ -120.78727109260123, 37.368482045787395 ], [ -120.787281084590546, 37.367920597724137 ] ] ] } },
{ "type": "Feature", "properties": { "OBJECTID": 1310, "Block_ID": "094", "PBLK_N": 113518.0, "Property": "LIVINGSTON RANCHES", "Shape_STAr": 67100.961026699995, "Shape_STLe": 1576.86750388, "Block_Cult": "RIESLING", "Block_Trel": "STACKED-T", "Plany_Year": 2014.0, "SP": 5.0, "RW": 11.0, "Acerage": 15.53 }, "geometry": { "type": "MultiPolygon", "coordinates": [ [ [ [ -120.762212614284635, 37.362372157283289 ], [ -120.761575134468018, 37.362371955662461 ], [ -120.760974959366308, 37.362378287387621 ], [ -120.760504874331332, 37.362375458160493 ], [ -120.760123268712064, 37.362373258276193 ], [ -120.760119634973478, 37.362321892840058 ], [ -120.76013592549792, 37.361977294552275 ], [ -120.7601371108546, 37.361756183590821 ], [ -120.760139938281725, 37.361640466262585 ], [ -120.760164102348583, 37.36072936251243 ], [ -120.760189775386564, 37.360672080456489 ], [ -120.760225131038027, 37.360639682904811 ], [ -120.760313355681447, 37.360584841796772 ], [ -120.760648750205945, 37.360591038831707 ], [ -120.760656036629086, 37.360818147468137 ], [ -120.760703955093831, 37.360818404717783 ], [ -120.760710181128857, 37.360736400269097 ], [ -120.760737864103618, 37.360732153679962 ], [ -120.760749930578854, 37.360613556137423 ], [ -120.76079236919324, 37.360607924380702 ], [ -120.760869751707219, 37.36061126982726 ], [ -120.760869938236624, 37.360589296471112 ], [ -120.761511349668723, 37.360581621214493 ], [ -120.761950502109258, 37.360586300395866 ], [ -120.761953939187137, 37.36061561842105 ], [ -120.762055306166786, 37.360616161260452 ], [ -120.762051855588609, 37.360588308795201 ], [ -120.762492760279059, 37.360581879834726 ], [ -120.762499250418145, 37.360685927220764 ], [ -120.762492853952565, 37.36122335963919 ], [ -120.762487771775568, 37.361726729625524 ], [ -120.762468874300012, 37.362313144941474 ], [ -120.762440436105422, 37.362355032994543 ], [ -120.762335016940085, 37.362378343557509 ], [ -120.762212614284635, 37.362372157283289 ] ], [ [ -120.760690739005057, 37.361576579081309 ], [ -120.760638078419291, 37.361576357492496 ], [ -120.760637819590315, 37.361615275527036 ], [ -120.760612876107317, 37.361615171164821 ], [ -120.760614068465841, 37.361713574976818 ], [ -120.760634389119346, 37.361714394354365 ], [ -120.760637689066243, 37.361773889021059 ], [ -120.760688496036778, 37.361774836737396 ], [ -120.760690739005057, 37.361576579081309 ] ] ], [ [ [ -120.760953164707487, 37.364022227059792 ], [ -120.760929552418617, 37.36370660279939 ], [ -120.760911161230368, 37.363260669476183 ], [ -120.760912246327734, 37.362903518743686 ], [ -120.760943903896859, 37.362900003307388 ], [ -120.760940960412682, 37.362771747130317 ], [ -120.760969208261258, 37.36277029558358 ], [ -120.760969399093014, 37.362747854408077 ], [ -120.760997633708214, 37.362748006050154 ], [ -120.760995807292502, 37.36272555436755 ], [ -120.761030092494721, 37.36272573842956 ], [ -120.761028266069872, 37.362703286747369 ], [ -120.761528421003646, 37.362705969432426 ], [ -120.761532630670914, 37.362685152461843 ], [ -120.761870397135141, 37.362683224540419 ], [ -120.762915804030499, 37.362687355515909 ], [ -120.762922676478709, 37.362828456383255 ], [ -120.762926531454568, 37.363087751597732 ], [ -120.762936140478686, 37.36338203191309 ], [ -120.762967773121005, 37.363933633363025 ], [ -120.762893152055995, 37.363933234905318 ], [ -120.762892785836399, 37.36397651315179 ], [ -120.762967379458289, 37.363980118907385 ], [ -120.762967027603011, 37.364021794850615 ], [ -120.762886342557707, 37.364022966356721 ], [ -120.762044922770187, 37.364028827102231 ], [ -120.760953164707487, 37.364022227059792 ] ] ] ] } },
{ "type": "Feature", "properties": { "OBJECTID": 1312, "Block_ID": "076", "PBLK_N": 101566.0, "Property": "LIVINGSTON RANCHES", "Shape_STAr": 385922.86288799997, "Shape_STLe": 2777.9763803300002, "Block_Cult": "RIESLING", "Block_Trel": "SPLIT", "Plany_Year": 2012.0, "SP": 5.0, "RW": 11.0, "Acerage": 93.06 }, "geometry": { "type": "Polygon", "coordinates": [ [ [ -120.774622936096222, 37.363934338140055 ], [ -120.774495453860553, 37.363983413107661 ], [ -120.774373950050446, 37.36399784992178 ], [ -120.774244665093093, 37.364002078868801 ], [ -120.773485594213327, 37.363994017190528 ], [ -120.772685959964889, 37.363995585895069 ], [ -120.771934127449285, 37.363992316318324 ], [ -120.771271533037051, 37.363990461576428 ], [ -120.770392077845372, 37.363981245849573 ], [ -120.769577618214129, 37.36399146556316 ], [ -120.769183749370711, 37.363991708338325 ], [ -120.768715946099178, 37.364000358688592 ], [ -120.768071090287521, 37.364001501472231 ], [ -120.767425573612798, 37.364002590145766 ], [ -120.766616424108264, 37.364004320639339 ], [ -120.765859817013279, 37.364005485748116 ], [ -120.764477974499442, 37.363988195566606 ], [ -120.763704242606863, 37.363984273280579 ], [ -120.763389839496426, 37.363980716584557 ], [ -120.763245079588373, 37.363979942718927 ], [ -120.763198626265989, 37.363960193267381 ], [ -120.763152272810899, 37.363928742786229 ], [ -120.763051122652385, 37.3608057449445 ], [ -120.763118735575489, 37.360644242379223 ], [ -120.763244110093069, 37.360615660185047 ], [ -120.763651992813763, 37.360604170313373 ], [ -120.764401074027433, 37.360603230114137 ], [ -120.765040724162176, 37.360597925736144 ], [ -120.765848383564958, 37.360592460294896 ], [ -120.766585320700088, 37.360597549758204 ], [ -120.767346561226589, 37.36059663246234 ], [ -120.767893159613351, 37.360598841707436 ], [ -120.768965931428738, 37.360603153289432 ], [ -120.769858436573514, 37.360603072129557 ], [ -120.770353962360247, 37.360592299256403 ], [ -120.773225732760125, 37.360591862339177 ], [ -120.774658482990418, 37.360589943882943 ], [ -120.774656460226353, 37.360610529423866 ], [ -120.774656105731012, 37.360653189661122 ], [ -120.774649673150734, 37.3607590765534 ], [ -120.774654153515343, 37.361333430719718 ], [ -120.774686970523788, 37.362061564245785 ], [ -120.774666126721456, 37.362342437967953 ], [ -120.774651154968211, 37.362592980780533 ], [ -120.774649868705495, 37.362975955914933 ], [ -120.774647374923404, 37.363275921561858 ], [ -120.774661317444441, 37.363880476114765 ], [ -120.774622936096222, 37.363934338140055 ] ] ] } },
{ "type": "Feature", "properties": { "OBJECTID": 1314, "Block_ID": "107", "PBLK_N": 101634.0, "Property": "LIVINGSTON RANCHES", "Shape_STAr": 308992.45673199999, "Shape_STLe": 2733.761886, "Block_Cult": "RIESLING", "Block_Trel": "SPLIT", "Plany_Year": 2013.0, "SP": 5.0, "RW": 11.0, "Acerage": 75.84 }, "geometry": { "type": "Polygon", "coordinates": [ [ [ -120.821290111142147, 37.367635647501871 ], [ -120.818687971021831, 37.367632165537536 ], [ -120.818689138296548, 37.367480824796331 ], [ -120.818793684558187, 37.367481333576144 ], [ -120.818790362443124, 37.367427901141546 ], [ -120.818697018115941, 37.367427446743804 ], [ -120.818704709348708, 37.365946666814409 ], [ -120.818786861287364, 37.365945692138936 ], [ -120.818857801631125, 37.365946037722026 ], [ -120.818865314637137, 37.365940138580321 ], [ -120.818880432291408, 37.365916471911191 ], [ -120.81887690486694, 37.365889746923393 ], [ -120.818840025392944, 37.365830215366536 ], [ -120.818701947264501, 37.365820640379027 ], [ -120.818722350722112, 37.362207925710869 ], [ -120.819506390718544, 37.362211745420716 ], [ -120.819558660200641, 37.362211999463788 ], [ -120.819625726646549, 37.362230131471144 ], [ -120.819636927735814, 37.362230185767856 ], [ -120.819774932227915, 37.362248663660232 ], [ -120.819778665918761, 37.362248681154846 ], [ -120.819887052132913, 37.362234370986343 ], [ -120.819924662364173, 37.362198943422598 ], [ -120.819943627229009, 37.362160456803494 ], [ -120.819925186844813, 37.36213069118201 ], [ -120.819880521438449, 37.362112668798844 ], [ -120.819832145506069, 37.36209166000684 ], [ -120.819780332385221, 37.362032056034501 ], [ -120.819739400760838, 37.362014051992141 ], [ -120.819642283112373, 37.362019514139064 ], [ -120.819627349495747, 37.36201944143631 ], [ -120.819548762430216, 37.362042799891128 ], [ -120.819518597447299, 37.362081231234022 ], [ -120.819476820031866, 37.36217302231465 ], [ -120.818718938373365, 37.362166363412875 ], [ -120.818737346931329, 37.360538461512412 ], [ -120.819481294324532, 37.360536833375996 ], [ -120.819482888156088, 37.360575306287991 ], [ -120.819523173857476, 37.360624268027543 ], [ -120.819763688738888, 37.360621237150816 ], [ -120.81980656988847, 37.360543726084074 ], [ -120.823192287167743, 37.360533776170186 ], [ -120.823139212940433, 37.367466549987149 ], [ -120.823030932700618, 37.367466025828008 ], [ -120.823034280852525, 37.367516491045905 ], [ -120.823138827202612, 37.36751699691326 ], [ -120.823141560582727, 37.367647582724558 ], [ -120.821290111142147, 37.367635647501871 ] ], [ [ -120.819764638900821, 37.361268831651472 ], [ -120.819512405478179, 37.36127098052085 ], [ -120.819515941275625, 37.36132959331978 ], [ -120.819764303540666, 37.361325887748876 ], [ -120.819764638900821, 37.361268831651472 ] ] ] } },
{ "type": "Feature", "properties": { "OBJECTID": 1315, "Block_ID": "014", "PBLK_N": 101624.0, "Property": "LIVINGSTON RANCHES", "Shape_STAr": 252875.89718199999, "Shape_STLe": 2947.0605305499998, "Block_Cult": "RIESLING", "Block_Trel": "SPLIT", "Plany_Year": 2010.0, "SP": 5.0, "RW": 11.0, "Acerage": 62.5 }, "geometry": { "type": "MultiPolygon", "coordinates": [ [ [ [ -120.769042250647431, 37.360178210989787 ], [ -120.767610953066992, 37.360170618352484 ], [ -120.764739565331126, 37.360155338079927 ], [ -120.764772644930446, 37.359103047724616 ], [ -120.764819940768518, 37.35703660343998 ], [ -120.766635140698398, 37.357029161516046 ], [ -120.769212176482696, 37.357025731719581 ], [ -120.769146709740198, 37.360127439919452 ], [ -120.769042250647431, 37.360178210989787 ] ] ], [ [ [ -120.773555763050396, 37.354414672107744 ], [ -120.773502883603612, 37.354478412226342 ], [ -120.773429683654143, 37.354564451658511 ], [ -120.773332297326306, 37.354653565484625 ], [ -120.771907101069729, 37.35559276678206 ], [ -120.771903858204141, 37.356322313652385 ], [ -120.771905526747986, 37.357087344521986 ], [ -120.769356892049657, 37.35706768560464 ], [ -120.769386112300509, 37.355023087645193 ], [ -120.769397494254605, 37.35340624358372 ], [ -120.772398430111437, 37.353433648801797 ], [ -120.773591830106525, 37.353436081647196 ], [ -120.773580589365793, 37.354334779790456 ], [ -120.773555763050396, 37.354414672107744 ] ] ] ] } },
{ "type": "Feature", "properties": { "OBJECTID": 1318, "Block_ID": "019", "PBLK_N": 101630.0, "Property": "LIVINGSTON RANCHES", "Shape_STAr": 139961.05324800001, "Shape_STLe": 1498.7393695400001, "Block_Cult": "RIESLING", "Block_Trel": "SPLIT", "Plany_Year": 2012.0, "SP": 5.0, "RW": 11.0, "Acerage": 32.06 }, "geometry": { "type": "Polygon", "coordinates": [ [ [ -120.79648649433409, 37.360219580176206 ], [ -120.796502842771474, 37.357065675431237 ], [ -120.800980462712332, 37.356987513886708 ], [ -120.800926832611779, 37.360219008510512 ], [ -120.79648649433409, 37.360219580176206 ] ] ] } },
{ "type": "Feature", "properties": { "OBJECTID": 1319, "Block_ID": "186", "PBLK_N": 101643.0, "Property": "LIVINGSTON RANCHES", "Shape_STAr": 342326.85054399999, "Shape_STLe": 3710.47174662, "Block_Cult": "RIESLING", "Block_Trel": "SPLIT", "Plany_Year": 2012.0, "SP": 7.0, "RW": 11.0, "Acerage": 84.27 }, "geometry": { "type": "MultiPolygon", "coordinates": [ [ [ [ -120.787015602740141, 37.372942105866393 ], [ -120.783250564547174, 37.372936250567406 ], [ -120.782051315404061, 37.372921667505437 ], [ -120.778368059746796, 37.372897057926536 ], [ -120.778306788288532, 37.372841549825452 ], [ -120.778090693602493, 37.372846555760688 ], [ -120.77809777782501, 37.372368599811011 ], [ -120.778103631330438, 37.372351205351578 ], [ -120.778137917997682, 37.372348358210836 ], [ -120.778143615180952, 37.372349900732296 ], [ -120.77815121677898, 37.372351453308944 ], [ -120.778183573705633, 37.372351621664826 ], [ -120.77819118797143, 37.372351661906045 ], [ -120.778252096397708, 37.37235197935744 ], [ -120.778261613938056, 37.372352028755699 ], [ -120.778289489485886, 37.372325904559773 ], [ -120.778306972466993, 37.372295700112744 ], [ -120.778309451648795, 37.372248400240515 ], [ -120.778316029282735, 37.372210667978273 ], [ -120.778328717323248, 37.372192058473694 ], [ -120.778329249560727, 37.372190816229939 ], [ -120.77833031039988, 37.372188746487922 ], [ -120.778330846273093, 37.372187089498617 ], [ -120.778312064617964, 37.372184916348232 ], [ -120.778309009983403, 37.372175355414832 ], [ -120.778308030676982, 37.372167464104237 ], [ -120.778322129565041, 37.372169306193982 ], [ -120.778316481908519, 37.37216171345726 ], [ -120.778316518761059, 37.372157175566457 ], [ -120.778299588445222, 37.372132883222676 ], [ -120.77829769670079, 37.372131360836775 ], [ -120.778267354843834, 37.372117588892849 ], [ -120.778265451565971, 37.37211757883199 ], [ -120.77823119145242, 37.372117399537274 ], [ -120.778223577219521, 37.372117360198153 ], [ -120.778160802566944, 37.372112494778889 ], [ -120.778136184354622, 37.37209723884974 ], [ -120.778115521304684, 37.372063852371014 ], [ -120.778107678206865, 37.371630584967988 ], [ -120.77814387934869, 37.371626235562964 ], [ -120.778147687010318, 37.371626255681228 ], [ -120.77823524167934, 37.371626712210741 ], [ -120.778242855862644, 37.371626751549123 ], [ -120.778267674267198, 37.371617804746712 ], [ -120.778267686932267, 37.371616292413748 ], [ -120.77828702005209, 37.371580088055261 ], [ -120.778270476744311, 37.371508904422761 ], [ -120.778215253453979, 37.371511641832001 ], [ -120.778158115360483, 37.371515881478764 ], [ -120.778106924298513, 37.371491411586149 ], [ -120.778104731032968, 37.370834885238445 ], [ -120.778148423704437, 37.37078705536878 ], [ -120.778163521275815, 37.370783241381396 ], [ -120.77821063523055, 37.370754218060767 ], [ -120.778220843425899, 37.370734314918494 ], [ -120.77822090919588, 37.370726332217359 ], [ -120.778226227910437, 37.370690438885418 ], [ -120.778226579091097, 37.370647867774828 ], [ -120.778234367555498, 37.370595105851486 ], [ -120.778248011144044, 37.370564577425199 ], [ -120.77825155693192, 37.370540647936238 ], [ -120.778251579237178, 37.370537987632993 ], [ -120.778251645003735, 37.370530004931616 ], [ -120.778230036599354, 37.370511266752686 ], [ -120.778189938625033, 37.370501744403022 ], [ -120.778158110919208, 37.370504239952787 ], [ -120.778135839130059, 37.370486413798794 ], [ -120.778131333243209, 37.370423860697059 ], [ -120.778127947969125, 37.370225610647616 ], [ -120.778191614313059, 37.370219290753276 ], [ -120.778275302242207, 37.370221057141208 ], [ -120.778257985691937, 37.370249263367043 ], [ -120.778308036116385, 37.370261788376361 ], [ -120.778350698960637, 37.370234416069465 ], [ -120.778412905393083, 37.370176484857929 ], [ -120.783238690534859, 37.370256139525452 ], [ -120.787081312014934, 37.370275951330363 ], [ -120.787026347568613, 37.372965911563405 ], [ -120.787015602740141, 37.372942105866393 ] ] ], [ [ [ -120.783190028003517, 37.37511734855088 ], [ -120.781914589211979, 37.375112463099953 ], [ -120.780900041939191, 37.375091749788432 ], [ -120.779661699780405, 37.37507329637392 ], [ -120.778332178731944, 37.375062939174249 ], [ -120.778084838159458, 37.374929456673812 ], [ -120.778079055327964, 37.374321678054464 ], [ -120.778165663952819, 37.37429809417317 ], [ -120.778314441722046, 37.374293622239314 ], [ -120.778328600278243, 37.374287290955237 ], [ -120.778324848014378, 37.374253641141784 ], [ -120.778313034586489, 37.374219948614844 ], [ -120.778291265152291, 37.374171792353103 ], [ -120.77825949996145, 37.374113974745711 ], [ -120.778229484624461, 37.374088195321285 ], [ -120.778092445830211, 37.374089082018358 ], [ -120.778101614738873, 37.374043698744899 ], [ -120.778159408958658, 37.374040720610992 ], [ -120.778190375100181, 37.374038423215012 ], [ -120.778196685993322, 37.374023699419951 ], [ -120.778150361905702, 37.374011980367143 ], [ -120.778144327331503, 37.373993093707526 ], [ -120.778109316231053, 37.373985533451702 ], [ -120.778087700727809, 37.373979682255566 ], [ -120.778086675577555, 37.373978856806502 ], [ -120.778072505091501, 37.373945991095198 ], [ -120.778072914565925, 37.373941287943104 ], [ -120.778078241009695, 37.37374706266727 ], [ -120.778211033326556, 37.373743810740649 ], [ -120.77821892497262, 37.373689618686434 ], [ -120.778087423151945, 37.373686961634007 ], [ -120.778085125936201, 37.373541896009883 ], [ -120.778093024025537, 37.373130433312703 ], [ -120.778190921217117, 37.373129613278969 ], [ -120.778198874352569, 37.373103305232711 ], [ -120.778093919029729, 37.373098366151517 ], [ -120.778094650614207, 37.373010011253577 ], [ -120.77811096729566, 37.372987417086733 ], [ -120.778117179313114, 37.372986463419814 ], [ -120.778120901096443, 37.372986483200435 ], [ -120.778189083929377, 37.37299374048721 ], [ -120.778196512788298, 37.372995752092329 ], [ -120.778290784294754, 37.372999200925882 ], [ -120.778295762506914, 37.372997254937147 ], [ -120.778298244830054, 37.372997268413044 ], [ -120.778376793551203, 37.372951333029796 ], [ -120.783214130600953, 37.372965585323115 ], [ -120.783262869181002, 37.373104378566445 ], [ -120.783218672742137, 37.375076607532478 ], [ -120.783190028003517, 37.37511734855088 ] ] ] ] } },
{ "type": "Feature", "properties": { "OBJECTID": 1320, "Block_ID": "128", "PBLK_N": 112443.0, "Property": "LIVINGSTON RANCHES", "Shape_STAr": 298573.41106900002, "Shape_STLe": 2352.5071754700002, "Block_Cult": "RIESLING", "Block_Trel": "SPLIT", "Plany_Year": 2013.0, "SP": 5.0, "RW": 11.0, "Acerage": 74.08 }, "geometry": { "type": "Polygon", "coordinates": [ [ [ -120.778095113783067, 37.378474078072365 ], [ -120.778000681760034, 37.378453539251126 ], [ -120.778050637765347, 37.375459171470439 ], [ -120.778330718719843, 37.375144898957785 ], [ -120.77981963578442, 37.375168147418947 ], [ -120.779819058461939, 37.37523830752621 ], [ -120.779907304746047, 37.375243778170386 ], [ -120.779907964940605, 37.37516359582952 ], [ -120.781963795131261, 37.375174268448951 ], [ -120.781974600897499, 37.375294602690978 ], [ -120.782056541334327, 37.375300039351721 ], [ -120.782057610287978, 37.375169742243031 ], [ -120.783591227580871, 37.375192713233851 ], [ -120.78685126871143, 37.375262498905244 ], [ -120.786982475143546, 37.375413522439715 ], [ -120.786936597774556, 37.378725331194893 ], [ -120.778095113783067, 37.378474078072365 ] ] ] } },
{ "type": "Feature", "properties": { "OBJECTID": 1330, "Block_ID": "181", "PBLK_N": 116409.0, "Property": "LIVINGSTON RANCHES", "Shape_STAr": 71023.546444399995, "Shape_STLe": 1584.0474520499999, "Block_Cult": "SYMPHONY", "Block_Trel": "LIV. DIVIDED CANOPY", "Plany_Year": 1997.0, "SP": 6.0, "RW": 10.0, "Acerage": 17.47 }, "geometry": { "type": "MultiPolygon", "coordinates": [ [ [ [ -120.799972500985817, 37.374783625622797 ], [ -120.798645343349833, 37.3747653619562 ], [ -120.798644109990533, 37.374740091048992 ], [ -120.798506357939942, 37.374738343133124 ], [ -120.798528346026814, 37.373884796088369 ], [ -120.798689512555185, 37.373885643070906 ], [ -120.798690294133635, 37.373805034145711 ], [ -120.798524380578741, 37.373804197381645 ], [ -120.798535804996661, 37.372950859531862 ], [ -120.798637194464078, 37.372951371212046 ], [ -120.798637574607611, 37.37290375834381 ], [ -120.798550838844051, 37.372902096825349 ], [ -120.79854587057585, 37.372844694201156 ], [ -120.800657708966625, 37.372871210768793 ], [ -120.800643747891371, 37.374126325075594 ], [ -120.800646439483046, 37.374787013845506 ], [ -120.799972500985817, 37.374783625622797 ] ] ], [ [ [ -120.8006371145011, 37.372779307708257 ], [ -120.799143993061676, 37.372766138288945 ], [ -120.798553730497275, 37.372761123982293 ], [ -120.79855141197821, 37.372592769382486 ], [ -120.798561898130529, 37.371967427102142 ], [ -120.798752289699323, 37.371969842280862 ], [ -120.798752998515795, 37.37188108960337 ], [ -120.798571773395707, 37.371877266279796 ], [ -120.798594251316928, 37.371255854952274 ], [ -120.799780400383909, 37.371271438848986 ], [ -120.800434012512127, 37.37127181672183 ], [ -120.800660982687774, 37.37127877809867 ], [ -120.800695362426978, 37.37132987556317 ], [ -120.800689287959145, 37.371633163196599 ], [ -120.800685050732852, 37.37273735326449 ], [ -120.8006371145011, 37.372779307708257 ] ] ] ] } },
{ "type": "Feature", "properties": { "OBJECTID": 1332, "Block_ID": "007", "PBLK_N": 101671.0, "Property": "LIVINGSTON RANCHES", "Shape_STAr": 290246.19919299998, "Shape_STLe": 2408.70198282, "Block_Cult": "SYMPHONY", "Block_Trel": "LIV. DIVIDED CANOPY", "Plany_Year": 1996.0, "SP": 5.0, "RW": 10.0, "Acerage": 71.58 }, "geometry": { "type": "Polygon", "coordinates": [ [ [ -120.817262333385486, 37.36764017372861 ], [ -120.814236795879765, 37.367636232849812 ], [ -120.814236962656551, 37.367614810931713 ], [ -120.814289175690789, 37.367616406327222 ], [ -120.814287751344082, 37.367582926920285 ], [ -120.814243951370742, 37.367582711627101 ], [ -120.814251804519913, 37.366789158003165 ], [ -120.814317493930361, 37.366790819630097 ], [ -120.814319408115949, 37.366761372878813 ], [ -120.814356448295172, 37.366764232430974 ], [ -120.814351643712001, 37.366732075167491 ], [ -120.814253948041099, 37.366730256223946 ], [ -120.814266232246695, 37.36580021198489 ], [ -120.814340349513444, 37.365801058526252 ], [ -120.814322277807079, 37.365742058282905 ], [ -120.814273465957811, 37.365736462461527 ], [ -120.814280451919871, 37.364837800544933 ], [ -120.814349523992021, 37.364837588515073 ], [ -120.814349950135451, 37.364782695451751 ], [ -120.814285936905137, 37.364782380822085 ], [ -120.814297724264605, 37.363902005768097 ], [ -120.814369503705862, 37.363900450083023 ], [ -120.81436650865453, 37.363846111167042 ], [ -120.814298160883595, 37.363845775794026 ], [ -120.814301958889757, 37.362917674716613 ], [ -120.814360115748741, 37.362909812244034 ], [ -120.814360517427801, 37.362858205634225 ], [ -120.814305861709371, 37.362855220881983 ], [ -120.814322512355389, 37.362032105375071 ], [ -120.814448972662021, 37.36203000949633 ], [ -120.814497130561477, 37.361989503394547 ], [ -120.814501011618802, 37.361929765637697 ], [ -120.814419040386611, 37.361923930545359 ], [ -120.814395330773223, 37.361896652454689 ], [ -120.814327006327474, 37.361893601004844 ], [ -120.814343641118313, 37.360665096968191 ], [ -120.814394940636433, 37.360659916310055 ], [ -120.814388866794545, 37.360562102783561 ], [ -120.818523551673707, 37.360548558596072 ], [ -120.818411490355018, 37.367633427755109 ], [ -120.817262333385486, 37.36764017372861 ] ] ] } },
{ "type": "Feature", "properties": { "OBJECTID": 1333, "Block_ID": "050", "PBLK_N": 114329.0, "Property": "LIVINGSTON RANCHES", "Shape_STAr": 330069.64397899999, "Shape_STLe": 2506.6188214, "Block_Cult": "SYMPHONY", "Block_Trel": "LIV. DIVIDED CANOPY", "Plany_Year": 1997.0, "SP": 7.0, "RW": 10.0, "Acerage": 81.23 }, "geometry": { "type": "Polygon", "coordinates": [ [ [ -120.859866984491205, 37.349597872971955 ], [ -120.850713789643947, 37.349592275821351 ], [ -120.850729477553415, 37.348869943195943 ], [ -120.850759966465873, 37.348851983117449 ], [ -120.850759536837899, 37.348390420382422 ], [ -120.85079371161244, 37.34838756112692 ], [ -120.850810015233691, 37.347712399266833 ], [ -120.850836621875274, 37.347706488547225 ], [ -120.850845599258477, 37.347068984964167 ], [ -120.850879794803163, 37.347063109095167 ], [ -120.850899350173805, 37.346462868738918 ], [ -120.850922161261579, 37.346456940124391 ], [ -120.850937456513037, 37.345920033006074 ], [ -120.852026626267772, 37.345906943132889 ], [ -120.852025222995138, 37.346100006000725 ], [ -120.852051784062667, 37.346100128202231 ], [ -120.852055075119836, 37.346169527681745 ], [ -120.852195516773818, 37.346164139262349 ], [ -120.852203544625453, 37.346103842169654 ], [ -120.852233900773129, 37.346103981263944 ], [ -120.852236833079814, 37.34591392838626 ], [ -120.852952215606607, 37.345920228355787 ], [ -120.85295265380465, 37.345859895583594 ], [ -120.853384941789457, 37.345864894510186 ], [ -120.854099555678062, 37.345877216971537 ], [ -120.854429488511215, 37.345905877293553 ], [ -120.85442913866315, 37.345954142797311 ], [ -120.854485926159796, 37.345972503435533 ], [ -120.854573114489085, 37.345984968450352 ], [ -120.854576909572401, 37.345984986207839 ], [ -120.854630272975285, 37.345952046026902 ], [ -120.854653455671311, 37.345894834595512 ], [ -120.857061031453696, 37.345890733794228 ], [ -120.859878271453738, 37.345903803071124 ], [ -120.859942347218464, 37.345964427716488 ], [ -120.859921436360224, 37.346764641073925 ], [ -120.859893850006898, 37.349555760219523 ], [ -120.859866984491205, 37.349597872971955 ] ] ] } },
{ "type": "Feature", "properties": { "OBJECTID": 1347, "Block_ID": "064", "PBLK_N": 101547.0, "Property": "LIVINGSTON RANCHES", "Shape_STAr": 80353.081234500001, "Shape_STLe": 1237.73863409, "Block_Cult": "CABERNET SAUVIGNON", "Block_Trel": "4-WIRE VERTICAL W/O", "Plany_Year": 1997.0, "SP": 9.0, "RW": 8.0, "Acerage": 19.37 }, "geometry": { "type": "Polygon", "coordinates": [ [ [ -120.782698879515991, 37.355780067986473 ], [ -120.782549502670832, 37.355850875575769 ], [ -120.781782424492363, 37.356246934693061 ], [ -120.781475702148384, 37.356247665788416 ], [ -120.78128623976302, 37.356112397881482 ], [ -120.780675140460943, 37.35568838152286 ], [ -120.780535186778636, 37.355476102964033 ], [ -120.780539977511438, 37.355476150745794 ], [ -120.780350003187579, 37.355100973324767 ], [ -120.780227628430325, 37.354985659524282 ], [ -120.780097513585375, 37.354904397262906 ], [ -120.779882412497344, 37.354818121656315 ], [ -120.779300382089033, 37.354580893185236 ], [ -120.778414903815104, 37.354607600367054 ], [ -120.778424128969405, 37.353572606576648 ], [ -120.77851970718848, 37.353570827870882 ], [ -120.778520078191789, 37.35354542928517 ], [ -120.782680430082422, 37.353425566019624 ], [ -120.782733215011234, 37.353448547204486 ], [ -120.782703907335218, 37.355757307057075 ], [ -120.782698879515991, 37.355780067986473 ] ] ] } },
{ "type": "Feature", "properties": { "OBJECTID": 1348, "Block_ID": "077", "PBLK_N": 101563.0, "Property": "LIVINGSTON RANCHES", "Shape_STAr": 211616.48590500001, "Shape_STLe": 3422.5131159500002, "Block_Cult": "MUSCAT OF ALEXANDRIA", "Block_Trel": "SPLIT", "Plany_Year": 2010.0, "SP": 5.0, "RW": 11.0, "Acerage": 52.67 }, "geometry": { "type": "MultiPolygon", "coordinates": [ [ [ [ -120.851376357234159, 37.369638440221443 ], [ -120.851371832936252, 37.369675607047647 ], [ -120.851371636138381, 37.369702651922346 ], [ -120.851330422940876, 37.370104765088406 ], [ -120.850977141295331, 37.370374218097531 ], [ -120.850883002263203, 37.370455944221085 ], [ -120.850765181680757, 37.370656667382441 ], [ -120.85052500025084, 37.371054465384333 ], [ -120.850463079566723, 37.371209645441397 ], [ -120.850474016966515, 37.371459869398471 ], [ -120.848406996194882, 37.371425305533563 ], [ -120.848406395940174, 37.371338064732804 ], [ -120.848191282843047, 37.37133706984342 ], [ -120.848194693646349, 37.371405469705998 ], [ -120.84632511979504, 37.371403027259412 ], [ -120.846324252798965, 37.370761210959991 ], [ -120.846324595840187, 37.3707145875603 ], [ -120.846316910401029, 37.370695902173836 ], [ -120.84629753780348, 37.37067094487486 ], [ -120.846188300545961, 37.370633137715352 ], [ -120.846166501751753, 37.370406126063692 ], [ -120.846240790195509, 37.370409579370097 ], [ -120.84624849839247, 37.370425157315708 ], [ -120.846248200897023, 37.370465564024947 ], [ -120.846259819627349, 37.370481160080814 ], [ -120.8462831038117, 37.370506134589135 ], [ -120.846341610095124, 37.37052816459277 ], [ -120.84635334395243, 37.370528219800136 ], [ -120.846365076668917, 37.370528274114854 ], [ -120.846439570333047, 37.370503752181826 ], [ -120.846451349761381, 37.370497590687158 ], [ -120.846467176434956, 37.370472797218291 ], [ -120.846475364350269, 37.370423101669658 ], [ -120.846452514227536, 37.370339069511282 ], [ -120.846397872997017, 37.370323274360381 ], [ -120.846331361212805, 37.370326074053537 ], [ -120.846245112194268, 37.370353649040908 ], [ -120.846174803861743, 37.370340889703755 ], [ -120.84617965139779, 37.369954225029481 ], [ -120.846476989217976, 37.36978952337148 ], [ -120.846683277227399, 37.369659929612027 ], [ -120.846880599100615, 37.369508535757205 ], [ -120.847202106658372, 37.369297236527352 ], [ -120.847566351773551, 37.368933807267872 ], [ -120.847664855691079, 37.368842984543882 ], [ -120.847759477143569, 37.368701432820245 ], [ -120.847948446138915, 37.368455515956718 ], [ -120.848179710756511, 37.368084137252659 ], [ -120.848393523511689, 37.368089077191243 ], [ -120.84864023399517, 37.368090218177002 ], [ -120.848882691436984, 37.368091338570011 ], [ -120.849103856126291, 37.368095739967757 ], [ -120.849575961424847, 37.368104679205494 ], [ -120.85022366982129, 37.368114428443029 ], [ -120.851367827681017, 37.368129835086798 ], [ -120.851423185553045, 37.369633525692734 ], [ -120.851376357234159, 37.369638440221443 ] ], [ [ -120.84763216131951, 37.370104663482685 ], [ -120.847619232359506, 37.370083887872909 ], [ -120.84758579976679, 37.370064521160145 ], [ -120.847557932236583, 37.370049616553487 ], [ -120.847531863565422, 37.370046564226591 ], [ -120.847500122756486, 37.370058300592369 ], [ -120.847412387742011, 37.370087611569176 ], [ -120.847399166687254, 37.370120143157543 ], [ -120.847411973122774, 37.370163131263133 ], [ -120.847434201461667, 37.370186901270671 ], [ -120.847460254829883, 37.370192915274863 ], [ -120.847497438298291, 37.370207852610669 ], [ -120.847517909016744, 37.370212366156025 ], [ -120.847553286533511, 37.370216931112637 ], [ -120.847583163767808, 37.370205188196188 ], [ -120.847613072816571, 37.370187522851815 ], [ -120.847622487549842, 37.370169785564464 ], [ -120.847630021044594, 37.370155003412485 ], [ -120.847635660223617, 37.370146138036127 ], [ -120.847641363034413, 37.370125426918939 ], [ -120.84763216131951, 37.370104663482685 ] ], [ [ -120.84737030615446, 37.37028589362572 ], [ -120.847370321505551, 37.370282931969761 ], [ -120.847361176402785, 37.370251802697247 ], [ -120.847359322150453, 37.370250316216612 ], [ -120.847318452630148, 37.370227961596207 ], [ -120.847268275492951, 37.370204095205061 ], [ -120.847199294566948, 37.37021125899949 ], [ -120.847160084874176, 37.370225930751275 ], [ -120.847154486858912, 37.370227391945143 ], [ -120.847131892048637, 37.370270257493004 ], [ -120.847131867301869, 37.370274699089386 ], [ -120.84714847395955, 37.370304372830113 ], [ -120.847150312859497, 37.370308821869521 ], [ -120.847170662163649, 37.37033554703806 ], [ -120.847226493966645, 37.370347587356832 ], [ -120.847319671889409, 37.370344949316944 ], [ -120.847325269910215, 37.37034348811531 ], [ -120.847334594073075, 37.370342040002733 ], [ -120.847370125965355, 37.370318470121994 ], [ -120.84737030615446, 37.37028589362572 ] ], [ [ -120.846791226906134, 37.370503039665813 ], [ -120.84679125991525, 37.370497116338257 ], [ -120.846776541752902, 37.370463006602208 ], [ -120.846774694628778, 37.370460039288687 ], [ -120.846730057753788, 37.370445075519939 ], [ -120.846586596397799, 37.370443095428861 ], [ -120.846573521301252, 37.370448973765171 ], [ -120.846576863886554, 37.370518583245527 ], [ -120.846576855619958, 37.370520063177871 ], [ -120.846600890780834, 37.37055420570691 ], [ -120.846638024715332, 37.370578027401692 ], [ -120.846639880102359, 37.370579514784957 ], [ -120.846677096617057, 37.370588529048462 ], [ -120.846680822771447, 37.370588542158167 ], [ -120.846691994100951, 37.370590061410887 ], [ -120.846725581263769, 37.370581293483099 ], [ -120.846729315671311, 37.370579825759485 ], [ -120.846770414031923, 37.370560718203997 ], [ -120.846774156690216, 37.370557769647064 ], [ -120.846791055859498, 37.370534136219703 ], [ -120.846792944257444, 37.37052970027316 ], [ -120.846791226906134, 37.370503039665813 ] ], [ [ -120.848288023116183, 37.368411351415006 ], [ -120.848051522295108, 37.36840818216249 ], [ -120.848053923715085, 37.368509225641823 ], [ -120.848287482037222, 37.368510034544762 ], [ -120.848288023116183, 37.368411351415006 ] ], [ [ -120.848358884154138, 37.370435921973936 ], [ -120.848144619226119, 37.370433698397768 ], [ -120.84814794794012, 37.3705062694901 ], [ -120.848364060272289, 37.370511461248782 ], [ -120.848358884154138, 37.370435921973936 ] ], [ [ -120.848312318516406, 37.36941400599946 ], [ -120.848094353955389, 37.36940732768474 ], [ -120.848097706124562, 37.369475456301402 ], [ -120.848317542720309, 37.369480660302926 ], [ -120.848312318516406, 37.36941400599946 ] ] ], [ [ [ -120.850389577929633, 37.368043559156575 ], [ -120.848227395770493, 37.368014196962754 ], [ -120.84820370121092, 37.368014760551929 ], [ -120.848202505244856, 37.367941893571711 ], [ -120.848232454809846, 37.367867794625312 ], [ -120.848301284896905, 37.367444546357397 ], [ -120.848336846074446, 37.367312734603374 ], [ -120.848444371032002, 37.36714406224025 ], [ -120.848542421727529, 37.366982295247404 ], [ -120.848741415530057, 37.366709013857495 ], [ -120.848877398080873, 37.366563918037521 ], [ -120.848884346831014, 37.366559826544602 ], [ -120.848903574290631, 37.366532420292664 ], [ -120.849022027306219, 37.366391734065765 ], [ -120.849046393522869, 37.366371225447352 ], [ -120.8490759794458, 37.366346616947936 ], [ -120.849081188622279, 37.366343890866617 ], [ -120.849123053137234, 37.366295968475903 ], [ -120.849130031172422, 37.366287752001774 ], [ -120.84917698407645, 37.36625359980097 ], [ -120.84917873413599, 37.366250858782209 ], [ -120.84924835342936, 37.366192065464993 ], [ -120.849260541740847, 37.366181123785715 ], [ -120.849265760307716, 37.36617702390943 ], [ -120.849335850673711, 37.366155659472923 ], [ -120.849384403463262, 37.366139386529234 ], [ -120.84939134162012, 37.366136669700971 ], [ -120.849428047025455, 37.366084598041056 ], [ -120.849433315944935, 37.366073624701016 ], [ -120.849445574488442, 37.366053059265766 ], [ -120.849470071655688, 37.366014679571265 ], [ -120.849473561206878, 37.366010571319904 ], [ -120.849515495566607, 37.36595302595132 ], [ -120.84952072461806, 37.365947550469613 ], [ -120.849588553507829, 37.365896997636447 ], [ -120.849593802475582, 37.365888773669994 ], [ -120.849626232426473, 37.365881986018508 ], [ -120.849657467305647, 37.365868383260704 ], [ -120.849669615670209, 37.365862939401595 ], [ -120.849789585930836, 37.365778258208444 ], [ -120.849789595319606, 37.365776883521946 ], [ -120.849958013979332, 37.365624581247722 ], [ -120.849970161162446, 37.365619138265373 ], [ -120.849987529083378, 37.365609594457915 ], [ -120.849991008071953, 37.365606860885727 ], [ -120.850123185538564, 37.365508488215717 ], [ -120.850287117740649, 37.365325026734588 ], [ -120.85041471566376, 37.365050008181484 ], [ -120.850532386862653, 37.364805845335617 ], [ -120.850617509452562, 37.364573598978268 ], [ -120.850682728241622, 37.364406180049151 ], [ -120.850717016099253, 37.36421088765983 ], [ -120.850752279420689, 37.364118941185858 ], [ -120.85075866052901, 37.363955376112969 ], [ -120.850784645694191, 37.363949996176324 ], [ -120.850822666735766, 37.363954295676379 ], [ -120.850803530614158, 37.363969330025647 ], [ -120.850801791167299, 37.363970696374231 ], [ -120.850803350646871, 37.363994074472295 ], [ -120.850825665357831, 37.364017548172448 ], [ -120.85082739542554, 37.364017555611042 ], [ -120.850851629540031, 37.36401491761135 ], [ -120.850886403040789, 37.363990332775103 ], [ -120.850889872553637, 37.363988973863073 ], [ -120.850943651293591, 37.363967224743 ], [ -120.850952700093458, 37.363912276975611 ], [ -120.850772838921287, 37.363908699731603 ], [ -120.850803554469749, 37.363728748843776 ], [ -120.850833211662732, 37.363456686153938 ], [ -120.850868736168394, 37.363328997640039 ], [ -120.850931673007636, 37.363237179148626 ], [ -120.851184155860139, 37.363243840386239 ], [ -120.851212321553078, 37.363651549652502 ], [ -120.851241053800877, 37.364456510151051 ], [ -120.851300518139297, 37.366267105627102 ], [ -120.851350593830659, 37.367467051629305 ], [ -120.851373954940982, 37.368059675831809 ], [ -120.850389577929633, 37.368043559156575 ] ] ] ] } },
{ "type": "Feature", "properties": { "OBJECTID": 1349, "Block_ID": "172", "PBLK_N": 101567.0, "Property": "LIVINGSTON RANCHES", "Shape_STAr": 282005.86654299998, "Shape_STLe": 3268.8145217900001, "Block_Cult": "MUSCAT CANELLI", "Block_Trel": "SPLIT", "Plany_Year": 2011.0, "SP": 5.0, "RW": 11.0, "Acerage": 70.27 }, "geometry": { "type": "Polygon", "coordinates": [ [ [ -120.84942473959596, 37.356804695631517 ], [ -120.848999327752011, 37.356804310033873 ], [ -120.848894574468218, 37.356803825733323 ], [ -120.847674657165683, 37.3568076557724 ], [ -120.84685747811065, 37.356808605202339 ], [ -120.846104776720466, 37.356811426587441 ], [ -120.846099084770287, 37.356775091727933 ], [ -120.845869729562295, 37.356783498857453 ], [ -120.84481275354797, 37.356784898538578 ], [ -120.843910309346853, 37.356790166620321 ], [ -120.842269990059549, 37.356782508105766 ], [ -120.841636441870108, 37.35678270283946 ], [ -120.841665392443616, 37.355104234960017 ], [ -120.842128204584398, 37.355106401082296 ], [ -120.843074677230703, 37.355106827193616 ], [ -120.843774531809942, 37.35510509630307 ], [ -120.844775515778792, 37.355104763899227 ], [ -120.845617662535815, 37.355105683659701 ], [ -120.845799914844108, 37.355107529689512 ], [ -120.845866409028119, 37.355124824257885 ], [ -120.845866324921445, 37.355186997683766 ], [ -120.846307897433903, 37.355192864461557 ], [ -120.846313770760673, 37.355073944977597 ], [ -120.846399244334464, 37.355074341788544 ], [ -120.846393691825497, 37.354949063075651 ], [ -120.845837528017739, 37.354949832538345 ], [ -120.845843269679634, 37.355023799125917 ], [ -120.8457951885038, 37.355066540509199 ], [ -120.843976190981095, 37.355061826625374 ], [ -120.841666342894314, 37.355054852549038 ], [ -120.841701218189968, 37.353294179930025 ], [ -120.849992510892534, 37.353324207928821 ], [ -120.849992646261214, 37.354910789882858 ], [ -120.849869111653305, 37.354912759668586 ], [ -120.849869682312544, 37.354980475519753 ], [ -120.84991974004447, 37.354979013709205 ], [ -120.849920554206392, 37.35501344721844 ], [ -120.849996146189696, 37.355014915916215 ], [ -120.850003506570332, 37.356806028813068 ], [ -120.84942473959596, 37.356804695631517 ] ], [ [ -120.847619065954305, 37.354915776899141 ], [ -120.847364477533034, 37.354911491077999 ], [ -120.847366225100686, 37.354982928385468 ], [ -120.847622990636864, 37.354980418269001 ], [ -120.847619065954305, 37.354915776899141 ] ], [ [ -120.848857880686225, 37.354916668733175 ], [ -120.84860966503544, 37.354920911763109 ], [ -120.848611450311296, 37.354985545853729 ], [ -120.848859657053083, 37.354983004069538 ], [ -120.848857880686225, 37.354916668733175 ] ] ] } },
{ "type": "Feature", "properties": { "OBJECTID": 1350, "Block_ID": "025", "PBLK_N": 101620.0, "Property": "LIVINGSTON RANCHES", "Shape_STAr": 504470.79297200002, "Shape_STLe": 5341.5472902199999, "Block_Cult": "CABERNET SAUVIGNON", "Block_Trel": "4-WIRE VERTICAL W/O", "Plany_Year": 1996.0, "SP": 9.0, "RW": 9.0, "Acerage": 123.42 }, "geometry": { "type": "MultiPolygon", "coordinates": [ [ [ [ -120.795237882073039, 37.381967780105157 ], [ -120.793931430092044, 37.381934061239448 ], [ -120.793935074564246, 37.381867395407319 ], [ -120.793711312610696, 37.381863787603308 ], [ -120.79370459949665, 37.381925499000566 ], [ -120.791699973615209, 37.381902946723422 ], [ -120.791698026658764, 37.381781913107645 ], [ -120.79155507484451, 37.381778714448792 ], [ -120.79156659906333, 37.381121743056454 ], [ -120.791598341444399, 37.379500720450999 ], [ -120.791641857193014, 37.379500579857783 ], [ -120.79164223657024, 37.379453655298512 ], [ -120.791806959096249, 37.379454495243714 ], [ -120.79180464941993, 37.379355690744624 ], [ -120.791698978505849, 37.379355152156641 ], [ -120.791700175594173, 37.379206969764532 ], [ -120.791601037020271, 37.379206635092551 ], [ -120.791609936030156, 37.379057493834097 ], [ -120.791632567840267, 37.378251038751586 ], [ -120.792530678017968, 37.378267313819627 ], [ -120.79252350993454, 37.378197330156056 ], [ -120.792273635904579, 37.378196515731041 ], [ -120.792272612274914, 37.378215232701251 ], [ -120.792079062149227, 37.378205467422056 ], [ -120.79192852429847, 37.378204654167732 ], [ -120.791699132528166, 37.378199771127171 ], [ -120.791697084112016, 37.37818024062765 ], [ -120.791631543469521, 37.378177799012889 ], [ -120.791628843041408, 37.377669395779094 ], [ -120.791629583537159, 37.377577686036886 ], [ -120.791761888541387, 37.377582029424872 ], [ -120.791762323419093, 37.377528226935198 ], [ -120.791629998949759, 37.37752632972731 ], [ -120.791641153297874, 37.377097879353087 ], [ -120.791643835620519, 37.376956296508453 ], [ -120.791846952066692, 37.376957332035943 ], [ -120.791848826050227, 37.376915764622822 ], [ -120.791641143197566, 37.376908591678649 ], [ -120.791648300598922, 37.376213040058786 ], [ -120.791760608825825, 37.376216058885156 ], [ -120.79175655545292, 37.376146336046389 ], [ -120.791655034991138, 37.376141285300456 ], [ -120.791670061239799, 37.375424012323549 ], [ -120.791805459300519, 37.375425925926784 ], [ -120.791812019335012, 37.375375823319189 ], [ -120.791673534313389, 37.375375116820926 ], [ -120.791671368312777, 37.375076443149737 ], [ -120.791773625580333, 37.375079103201408 ], [ -120.791768623661881, 37.375032020943706 ], [ -120.791671748541745, 37.37502938810875 ], [ -120.791675151243851, 37.374608036633795 ], [ -120.791815089064841, 37.374610889843574 ], [ -120.79181319200687, 37.374512489156857 ], [ -120.791683985346182, 37.374513969171055 ], [ -120.791723440033167, 37.374339787361279 ], [ -120.79177775539975, 37.374340354918736 ], [ -120.791779185071164, 37.374285874680822 ], [ -120.791796182018999, 37.374285676292779 ], [ -120.794269550878994, 37.374309893894171 ], [ -120.796085600806535, 37.374329395481077 ], [ -120.796085600712999, 37.374392597000551 ], [ -120.796092830365353, 37.374542700666304 ], [ -120.796081081956146, 37.375089965142699 ], [ -120.795967209807202, 37.375088528870265 ], [ -120.795970824596722, 37.375164657087552 ], [ -120.796072044697894, 37.375166094205589 ], [ -120.796063911273947, 37.375861300345228 ], [ -120.796052162014817, 37.376731017034281 ], [ -120.796046739552992, 37.376977351422148 ], [ -120.796041316777021, 37.377383836906766 ], [ -120.796033183580548, 37.377738612660863 ], [ -120.796024145909797, 37.378305244534992 ], [ -120.796014773752631, 37.37874044679981 ], [ -120.79601059020122, 37.379141898652456 ], [ -120.796005167165632, 37.379458603442124 ], [ -120.795931059981484, 37.379457166891349 ], [ -120.795929252184735, 37.379535445365434 ], [ -120.795998840685613, 37.379538318193134 ], [ -120.795999744642856, 37.380288062856089 ], [ -120.795987995947044, 37.380583219107578 ], [ -120.795977151663109, 37.381110331974277 ], [ -120.795966305907399, 37.381736542633071 ], [ -120.79592834880593, 37.381737979104514 ], [ -120.795925636868091, 37.381788247825405 ], [ -120.795966305727589, 37.381787530028781 ], [ -120.795964499144816, 37.381983578667608 ], [ -120.795237882073039, 37.381967780105157 ] ], [ [ -120.794103714194051, 37.375021664651001 ], [ -120.793848893786262, 37.375018140034392 ], [ -120.793845936301722, 37.375146611154619 ], [ -120.794097305804343, 37.375148961387737 ], [ -120.794103714194051, 37.375021664651001 ] ], [ [ -120.794007393484421, 37.378242317466423 ], [ -120.793788219287194, 37.378237545798889 ], [ -120.793781213496217, 37.378340931996128 ], [ -120.794005391607755, 37.378342522593449 ], [ -120.794007393484421, 37.378242317466423 ] ] ], [ [ [ -120.789426609326327, 37.377963298888879 ], [ -120.789429782585103, 37.377895226606469 ], [ -120.789222495313197, 37.377889343155225 ], [ -120.789226726192965, 37.377964139590915 ], [ -120.787616026038222, 37.377936406466482 ], [ -120.787143285917153, 37.377933885453515 ], [ -120.787133767505864, 37.377887662312318 ], [ -120.787133767728221, 37.377811185281473 ], [ -120.787141170433415, 37.377749835837328 ], [ -120.787141170340576, 37.377670837190664 ], [ -120.787246929259808, 37.377664113945038 ], [ -120.787237409964703, 37.37761705057698 ], [ -120.787141170193152, 37.377619571824361 ], [ -120.787155976153898, 37.376943038516053 ], [ -120.787151746779557, 37.37689765576129 ], [ -120.787259619443574, 37.376897654841514 ], [ -120.787259619189513, 37.376843028513399 ], [ -120.78715914914639, 37.3768438684599 ], [ -120.787177128017532, 37.37613959431738 ], [ -120.787271253332392, 37.376130348889816 ], [ -120.787271252440533, 37.376015210950584 ], [ -120.787336822589879, 37.376010167271659 ], [ -120.787344225917522, 37.375834518282559 ], [ -120.787212028666659, 37.375830315936604 ], [ -120.787228949432674, 37.375049551807862 ], [ -120.787328362838664, 37.375049551809298 ], [ -120.787326246728156, 37.375001646063964 ], [ -120.787202509517712, 37.37499492288493 ], [ -120.787206740761064, 37.374740269159574 ], [ -120.787232121694217, 37.373988909571004 ], [ -120.787242630449683, 37.373743713360255 ], [ -120.78776529709738, 37.373756721655354 ], [ -120.790745957599967, 37.373822041292136 ], [ -120.790745957711792, 37.37384977189825 ], [ -120.790815747191772, 37.373848930978468 ], [ -120.790812574820293, 37.373898509974914 ], [ -120.79162255383234, 37.373908593237196 ], [ -120.791600347791274, 37.374329591057169 ], [ -120.791587659141896, 37.375021164633921 ], [ -120.791574969774317, 37.375551395068904 ], [ -120.791562281181143, 37.376027842034262 ], [ -120.791551706662474, 37.376531176075126 ], [ -120.791535845576632, 37.3768908183864 ], [ -120.79003854972818, 37.376866450062558 ], [ -120.790038549554808, 37.376843762705739 ], [ -120.789472832585489, 37.376834519232226 ], [ -120.789477062306844, 37.376981569049541 ], [ -120.789773138054983, 37.37698829139002 ], [ -120.789774195787246, 37.377010138695482 ], [ -120.79007238596563, 37.377018541153916 ], [ -120.790072386133815, 37.376916866813609 ], [ -120.789946553902865, 37.376916026732147 ], [ -120.789939152536832, 37.376891658474456 ], [ -120.790607437395153, 37.376905943621139 ], [ -120.79060849475735, 37.376953839239235 ], [ -120.790812575752554, 37.376959721747859 ], [ -120.790811517593696, 37.376910144757979 ], [ -120.791535845286248, 37.37691686670631 ], [ -120.79152209990481, 37.377734457705692 ], [ -120.791513640522538, 37.377972254794429 ], [ -120.791287353960087, 37.377973095276531 ], [ -120.791285239221338, 37.37800166485323 ], [ -120.789426609326327, 37.377963298888879 ] ], [ [ -120.789484358210288, 37.374994799259582 ], [ -120.789239740206227, 37.37499088503845 ], [ -120.789239278168452, 37.375064524193974 ], [ -120.789483914205974, 37.375065492962207 ], [ -120.789484358210288, 37.374994799259582 ] ], [ [ -120.788323680441636, 37.37684006395515 ], [ -120.788330686604098, 37.376904895943568 ], [ -120.788516022003364, 37.376905631941078 ], [ -120.788520154050389, 37.376837897885515 ], [ -120.788323680441636, 37.37684006395515 ] ] ] ] } },
{ "type": "Feature", "properties": { "OBJECTID": 1376, "Block_ID": "020", "PBLK_N": 130429.0, "Property": "LIVINGSTON RANCHES", "Shape_STAr": 258016.39509800001, "Shape_STLe": 2106.3580849, "Block_Cult": "OPEN LAND", "Block_Trel": null, "Plany_Year": null, "SP": null, "RW": null, "Acerage": null }, "geometry": { "type": "Polygon", "coordinates": [ [ [ -120.804931507386641, 37.378331175955687 ], [ -120.800714018752089, 37.378204709372781 ], [ -120.800732187699964, 37.377097778160213 ], [ -120.801019742021651, 37.376328965783067 ], [ -120.801227136219524, 37.376069721424962 ], [ -120.801597701704907, 37.375703253551706 ], [ -120.802098966396287, 37.375360806254371 ], [ -120.802535630993205, 37.375152868642758 ], [ -120.80308212286036, 37.37499769848425 ], [ -120.809255971193153, 37.375052019311433 ], [ -120.80907884376748, 37.37835053761826 ], [ -120.804931507386641, 37.378331175955687 ] ] ] } },
{ "type": "Feature", "properties": { "OBJECTID": 1382, "Block_ID": "032", "PBLK_N": 112400.0, "Property": "LIVINGSTON RANCHES", "Shape_STAr": 286233.892322, "Shape_STLe": 2349.6735757400002, "Block_Cult": "CABERNET SAUVIGNON", "Block_Trel": "LIV. DIVIDED CANOPY", "Plany_Year": 1996.0, "SP": 5.0, "RW": 10.0, "Acerage": 70.95 }, "geometry": { "type": "Polygon", "coordinates": [ [ [ -120.850058790181649, 37.359762432968374 ], [ -120.850058789555135, 37.359961741305817 ], [ -120.850043340727183, 37.360035418024665 ], [ -120.850005311763681, 37.360113819599633 ], [ -120.849815167515203, 37.360247950034136 ], [ -120.849630966605631, 37.360317848928247 ], [ -120.849546589840102, 37.360318793305872 ], [ -120.849477662733506, 37.360315959725952 ], [ -120.847512050873931, 37.360314706488751 ], [ -120.841614027143649, 37.360311237421556 ], [ -120.841608085352462, 37.360075092193739 ], [ -120.841611650786092, 37.359687811067104 ], [ -120.84162709999525, 37.358649701055512 ], [ -120.841635418669782, 37.358289805798584 ], [ -120.841647302586154, 37.357549231576165 ], [ -120.841653244525759, 37.357130765246545 ], [ -120.841663939653429, 37.356886108020177 ], [ -120.841680577189607, 37.356858713991443 ], [ -120.841729301610258, 37.356853046729505 ], [ -120.842214168477739, 37.356853046131832 ], [ -120.846001599398235, 37.356846719976964 ], [ -120.847479963426551, 37.356848322713645 ], [ -120.848926245398914, 37.356847378356207 ], [ -120.850046905718742, 37.356849267169899 ], [ -120.850052847639873, 37.357618187838938 ], [ -120.850057600779436, 37.358447555247686 ], [ -120.850057600709391, 37.359210792027028 ], [ -120.850056413328815, 37.359538565738397 ], [ -120.850058790181649, 37.359762432968374 ] ], [ [ -120.84609285563819, 37.35887922521519 ], [ -120.846086965754552, 37.358850356824917 ], [ -120.84594783041463, 37.358852275842438 ], [ -120.845944248934131, 37.35895323062541 ], [ -120.846124193692091, 37.358955059321126 ], [ -120.846127337377922, 37.3589334344029 ], [ -120.846175741787263, 37.358931199657498 ], [ -120.846179037779336, 37.358881929208415 ], [ -120.84609285563819, 37.35887922521519 ] ], [ [ -120.846118059367143, 37.360095872321672 ], [ -120.845904146812643, 37.360092094173332 ], [ -120.845907712878756, 37.360145935439924 ], [ -120.846125189557199, 37.360144990454735 ], [ -120.846118059367143, 37.360095872321672 ] ] ] } },
{ "type": "Feature", "properties": { "OBJECTID": 1384, "Block_ID": "070", "PBLK_N": 112401.0, "Property": "LIVINGSTON RANCHES", "Shape_STAr": 389741.245681, "Shape_STLe": 2941.1430544700002, "Block_Cult": "CABERNET SAUVIGNON", "Block_Trel": "4-WIRE VERTICAL W/O", "Plany_Year": 1996.0, "SP": 9.0, "RW": 8.0, "Acerage": 95.84 }, "geometry": { "type": "Polygon", "coordinates": [ [ [ -120.787092492778527, 37.360290698011994 ], [ -120.786519209710278, 37.360292398236979 ], [ -120.785969456765926, 37.360289564765075 ], [ -120.785483876307367, 37.360290131804348 ], [ -120.785120226370296, 37.360286731364901 ], [ -120.784571186449483, 37.360287864844238 ], [ -120.783964389528151, 37.36028843121818 ], [ -120.783427471288647, 37.360289565136846 ], [ -120.782864879571676, 37.360289726404979 ], [ -120.781994262314399, 37.360294099309861 ], [ -120.781696925101201, 37.360299766635769 ], [ -120.781137902299335, 37.360299766791485 ], [ -120.780682982572714, 37.360299766907843 ], [ -120.780271558863575, 37.360296931855444 ], [ -120.779780275382976, 37.360290698411518 ], [ -120.779087914027855, 37.36028899847804 ], [ -120.778558838387951, 37.360284464472805 ], [ -120.778367744838675, 37.360281630478994 ], [ -120.778369883481531, 37.360132008717066 ], [ -120.778379866004713, 37.359905308863127 ], [ -120.778389848679623, 37.359551087645848 ], [ -120.778404329805952, 37.35890779872917 ], [ -120.77842050908977, 37.358300250264605 ], [ -120.778446178395441, 37.357214889927782 ], [ -120.778455447231423, 37.356963241984722 ], [ -120.778461864685326, 37.356538160470876 ], [ -120.778627290190613, 37.356538160877555 ], [ -120.778631569026786, 37.35647184743506 ], [ -120.778630854968227, 37.356365860283326 ], [ -120.778569543027785, 37.356362550025672 ], [ -120.778467569277495, 37.356350556935148 ], [ -120.778470421920986, 37.356161252861533 ], [ -120.778479690462802, 37.355719730177967 ], [ -120.778482543611801, 37.355659650489287 ], [ -120.778488960662287, 37.355299742454505 ], [ -120.77849965651474, 37.355001045091747 ], [ -120.77850179474089, 37.35490072305199 ], [ -120.778717846271064, 37.35489618950124 ], [ -120.778814819740859, 37.354900723051806 ], [ -120.778978818818132, 37.354908658786847 ], [ -120.779192730441153, 37.354923961402633 ], [ -120.779304677678823, 37.354948899774719 ], [ -120.779377407195753, 37.354959102486781 ], [ -120.779486357899856, 37.354993825621172 ], [ -120.77957135448878, 37.355024850536246 ], [ -120.779709683757716, 37.355080962126614 ], [ -120.779967804593667, 37.355198287356629 ], [ -120.780034117145988, 37.355269702862138 ], [ -120.780111838494179, 37.355359821315481 ], [ -120.780174584833347, 37.355423301190442 ], [ -120.78028082830825, 37.355601271879152 ], [ -120.780362828211381, 37.355745801504924 ], [ -120.780431528188601, 37.355876004544442 ], [ -120.780463366524955, 37.355899400116094 ], [ -120.78059955721686, 37.356044495799708 ], [ -120.780709364501007, 37.356130646849671 ], [ -120.780824878302795, 37.356217364044078 ], [ -120.780876216330739, 37.356290478530028 ], [ -120.780926841656608, 37.356389098175804 ], [ -120.781038076339044, 37.356593704580106 ], [ -120.78104734597764, 37.356620342614207 ], [ -120.781207066424258, 37.356652082898826 ], [ -120.781339691678937, 37.356655482833069 ], [ -120.781580699496217, 37.356657750689479 ], [ -120.781605654786674, 37.356677587246985 ], [ -120.781660559532313, 37.356671352571524 ], [ -120.781771080499865, 37.35664528078231 ], [ -120.782007096104138, 37.356539293765167 ], [ -120.782264503647028, 37.356409501430463 ], [ -120.782614606297301, 37.356255338148351 ], [ -120.782997507873276, 37.356084170550247 ], [ -120.783245645750767, 37.355981582897542 ], [ -120.783359731680179, 37.355973647636198 ], [ -120.783385400889173, 37.355977615300581 ], [ -120.783695573976658, 37.356049596844983 ], [ -120.7839586845962, 37.356107407930978 ], [ -120.784049953871786, 37.356141415601549 ], [ -120.784126248679229, 37.356156717975942 ], [ -120.78420682301018, 37.356161819275577 ], [ -120.784285969766358, 37.356162385956594 ], [ -120.784356561906264, 37.356156151127031 ], [ -120.784509864552916, 37.356105707918942 ], [ -120.784849271484063, 37.355961745323427 ], [ -120.785245720759562, 37.355813247795638 ], [ -120.785653579221304, 37.355687422301344 ], [ -120.786409401510468, 37.355504351555503 ], [ -120.786990528460862, 37.35535755374525 ], [ -120.787192318040866, 37.355312210566943 ], [ -120.787304265035189, 37.355309943338455 ], [ -120.787343482255494, 37.355326946930433 ], [ -120.787338491687365, 37.355524188438125 ], [ -120.787332786649188, 37.356012188890091 ], [ -120.787324943347343, 37.356521723155396 ], [ -120.787316386740173, 37.356797176539224 ], [ -120.787313534548929, 37.357117970659388 ], [ -120.787307830845549, 37.357433662989592 ], [ -120.787297135228883, 37.357685308629158 ], [ -120.787290004719296, 37.358143255856973 ], [ -120.787285726484455, 37.358551892442605 ], [ -120.787280023336564, 37.358852275929387 ], [ -120.787274317720701, 37.359233137261135 ], [ -120.787267901216282, 37.359619664549115 ], [ -120.787263622323906, 37.359939312842648 ], [ -120.787257918785997, 37.360273695443723 ], [ -120.787225831592579, 37.360289564354296 ], [ -120.787092492778527, 37.360290698011994 ] ], [ [ -120.779769899090212, 37.356344955646364 ], [ -120.779739769912098, 37.35635248469292 ], [ -120.779735921250776, 37.356389770165102 ], [ -120.77970585375158, 37.356387735883793 ], [ -120.779706628290796, 37.356454689215347 ], [ -120.779734289828312, 37.356456714052605 ], [ -120.779735064393449, 37.356523667383264 ], [ -120.779789227238822, 37.356521016197199 ], [ -120.779789582062904, 37.356465545367413 ], [ -120.779816083331198, 37.356460870244291 ], [ -120.77981904103693, 37.356374803538664 ], [ -120.779769899090212, 37.356344955646364 ] ] ] } },
{ "type": "Feature", "properties": { "OBJECTID": 1386, "Block_ID": "105", "PBLK_N": 113015.0, "Property": "LIVINGSTON RANCHES", "Shape_STAr": 508050.05179900001, "Shape_STLe": 4486.7050228600001, "Block_Cult": "MUSCAT OF ALEXANDRIA", "Block_Trel": "LIV. DIVIDED CANOPY", "Plany_Year": 2011.0, "SP": 4.0, "RW": 10.0, "Acerage": 123.98 }, "geometry": { "type": "MultiPolygon", "coordinates": [ [ [ [ -120.809577131578123, 37.367604259589108 ], [ -120.809576923041874, 37.367630868964362 ], [ -120.809470898649295, 37.367630344146072 ], [ -120.809470481501535, 37.367683562895913 ], [ -120.807537064885267, 37.367700585764908 ], [ -120.807537379329872, 37.367660671254107 ], [ -120.807367148134574, 37.367664259979975 ], [ -120.807368250656097, 37.367695532170913 ], [ -120.805179546639778, 37.367670710099269 ], [ -120.805204082793594, 37.364672645549774 ], [ -120.805248540404563, 37.361754431702245 ], [ -120.809742858294811, 37.361765165515614 ], [ -120.809736042236665, 37.362279037276174 ], [ -120.80960768995817, 37.362280620125858 ], [ -120.809609767172631, 37.362371549223745 ], [ -120.809726925416285, 37.362374347110503 ], [ -120.809726168800466, 37.36318327637472 ], [ -120.80960341100652, 37.363182668408612 ], [ -120.80960541949932, 37.36328246818583 ], [ -120.809714227355286, 37.363283007214847 ], [ -120.809711124301458, 37.364035048829912 ], [ -120.809599525768959, 37.364034496365065 ], [ -120.809598743543617, 37.364134281804205 ], [ -120.80970476302312, 37.364134806509036 ], [ -120.809696052906503, 37.364890456702391 ], [ -120.809567711957143, 37.364889821845452 ], [ -120.80956694772533, 37.364987390492381 ], [ -120.80969249807336, 37.3649880110273 ], [ -120.80969518666987, 37.365713223397115 ], [ -120.809494304161461, 37.365712228503348 ], [ -120.809493278284563, 37.365843059545824 ], [ -120.80954595837072, 37.365885453258691 ], [ -120.809688233564117, 37.365888374756587 ], [ -120.809679321150881, 37.366669771344597 ], [ -120.809550977174254, 37.366669136469838 ], [ -120.809517305815461, 37.366693362488562 ], [ -120.809519469853086, 37.366773204959593 ], [ -120.809681293763518, 37.366774005522004 ], [ -120.809666414171033, 37.367604701049189 ], [ -120.809577131578123, 37.367604259589108 ] ], [ [ -120.807606776944183, 37.367421112604568 ], [ -120.807237666546669, 37.367419706529411 ], [ -120.807248439805548, 37.367478714056347 ], [ -120.807296461495525, 37.367512803563834 ], [ -120.807611799397009, 37.367511056400105 ], [ -120.807606776944183, 37.367421112604568 ] ] ], [ [ [ -120.809846973693453, 37.36770918445233 ], [ -120.809759205501621, 37.367727321612577 ], [ -120.809787639738104, 37.364097779147137 ], [ -120.80982926749742, 37.361766427892711 ], [ -120.81404623837058, 37.361783758159511 ], [ -120.81400727781255, 37.367733043322303 ], [ -120.809846973693453, 37.36770918445233 ] ], [ [ -120.812109668755951, 37.367436334355162 ], [ -120.811799912842886, 37.367435166728001 ], [ -120.811799498380637, 37.367504451735869 ], [ -120.812111110226752, 37.367505626509455 ], [ -120.812109668755951, 37.367436334355162 ] ] ] ] } },
{ "type": "Feature", "properties": { "OBJECTID": 1387, "Block_ID": "027", "PBLK_N": 114401.0, "Property": "LIVINGSTON RANCHES", "Shape_STAr": 49652.531886099998, "Shape_STLe": 1111.4635989599999, "Block_Cult": "MERLOT", "Block_Trel": "LIV. DIVIDED CANOPY", "Plany_Year": 1994.0, "SP": 4.0, "RW": 10.0, "Acerage": 10.1 }, "geometry": { "type": "Polygon", "coordinates": [ [ [ -120.794269550878994, 37.374309893894171 ], [ -120.791802275606102, 37.374285942575931 ], [ -120.791779185071164, 37.374285874680822 ], [ -120.791776885536052, 37.374058754463299 ], [ -120.791847950457992, 37.374047647964701 ], [ -120.791848424094809, 37.373989035849881 ], [ -120.791757119942076, 37.373987174830354 ], [ -120.79175520804246, 37.373934103095408 ], [ -120.792013326060484, 37.37393821029189 ], [ -120.792020496626733, 37.373920103781217 ], [ -120.792046972932908, 37.37390349186925 ], [ -120.792047975532853, 37.373779289856685 ], [ -120.792027128134237, 37.373751272279812 ], [ -120.791763798644823, 37.373740160259089 ], [ -120.791759410131434, 37.373631283010411 ], [ -120.791826140425826, 37.373631623223666 ], [ -120.791825037245601, 37.373550673363553 ], [ -120.791768855036665, 37.37354899191704 ], [ -120.791770838437287, 37.373303380434443 ], [ -120.791856884246954, 37.373303819002011 ], [ -120.791853879369398, 37.373241002705548 ], [ -120.791769612633445, 37.373237781504329 ], [ -120.791770476294928, 37.373081989549753 ], [ -120.796069071236076, 37.373151959850688 ], [ -120.796062346527435, 37.373552698538859 ], [ -120.796085600806535, 37.374329395481077 ], [ -120.794269550878994, 37.374309893894171 ] ] ] } },
{ "type": "Feature", "properties": { "OBJECTID": 1388, "Block_ID": "017", "PBLK_N": 114397.0, "Property": "LIVINGSTON RANCHES", "Shape_STAr": 76983.265124800004, "Shape_STLe": 1162.21391251, "Block_Cult": "CABERNET SAUVIGNON", "Block_Trel": "LIV. DIVIDED CANOPY", "Plany_Year": 1996.0, "SP": 5.0, "RW": 11.0, "Acerage": 18.54 }, "geometry": { "type": "Polygon", "coordinates": [ [ [ -120.782783646158435, 37.364024997203657 ], [ -120.782797906957384, 37.363297324624973 ], [ -120.782820725002608, 37.362281744086687 ], [ -120.782834984919191, 37.361424837973594 ], [ -120.782857594109515, 37.360612902637094 ], [ -120.784100422905524, 37.360614076763774 ], [ -120.785159285368792, 37.360615736004064 ], [ -120.785145736998032, 37.360871904446817 ], [ -120.785141458912378, 37.36131623024653 ], [ -120.785132189421915, 37.361730517459065 ], [ -120.785120068459136, 37.362064325848507 ], [ -120.785108659995714, 37.362628791788516 ], [ -120.785094398522105, 37.363211389326509 ], [ -120.785085129714417, 37.363521388517526 ], [ -120.785073720292971, 37.363985534651405 ], [ -120.785055894489005, 37.364011036532531 ], [ -120.78503236407407, 37.364022937828466 ], [ -120.782783646158435, 37.364024997203657 ] ] ] } },
{ "type": "Feature", "properties": { "OBJECTID": 1406, "Block_ID": "126", "PBLK_N": 134737.0, "Property": "LIVINGSTON RANCHES", "Shape_STAr": 28296.536078000001, "Shape_STLe": 860.03752450599995, "Block_Cult": "CABERNET SAUVIGNON", "Block_Trel": "TALL VERTICAL", "Plany_Year": 2010.0, "SP": 6.0, "RW": 9.0, "Acerage": 7.1 }, "geometry": { "type": "Polygon", "coordinates": [ [ [ -120.787242630449683, 37.373743713360255 ], [ -120.787260676886945, 37.373024064910958 ], [ -120.787889938897933, 37.373034990208637 ], [ -120.788979250085788, 37.373055160607329 ], [ -120.789923673463562, 37.373071130308077 ], [ -120.791203349419618, 37.373089619911518 ], [ -120.791192186129521, 37.373826242405123 ], [ -120.790745957599967, 37.373822041292136 ], [ -120.787242630449683, 37.373743713360255 ] ] ] } },
{ "type": "Feature", "properties": { "OBJECTID": 1407, "Block_ID": "058", "PBLK_N": 133491.0, "Property": "LIVINGSTON RANCHES", "Shape_STAr": 238476.158883, "Shape_STLe": 2925.3394649500001, "Block_Cult": "MERLOT", "Block_Trel": "4-WIRE VERTICAL W/M", "Plany_Year": 1994.0, "SP": 8.0, "RW": 10.0, "Acerage": 57.8 }, "geometry": { "type": "Polygon", "coordinates": [ [ [ -120.832281588465207, 37.362270337681025 ], [ -120.832133340874876, 37.362277754958683 ], [ -120.831554562945485, 37.362271017112377 ], [ -120.830932967252153, 37.362275656557237 ], [ -120.830289699594161, 37.362270932100166 ], [ -120.829587079918923, 37.362275210562458 ], [ -120.829017336552965, 37.362275472996487 ], [ -120.828493596802389, 37.36227147972069 ], [ -120.828441717882782, 37.362281677753131 ], [ -120.828434710380122, 37.362398158740227 ], [ -120.828438000733939, 37.362802151066091 ], [ -120.82843826057173, 37.363516930514372 ], [ -120.828442269183924, 37.36397313703781 ], [ -120.828431578904642, 37.363990688250574 ], [ -120.828346753642421, 37.363991845608091 ], [ -120.827911617854369, 37.363985085434869 ], [ -120.827311572248618, 37.363984825963783 ], [ -120.826764160660517, 37.363981542619534 ], [ -120.826075846451189, 37.36398539513845 ], [ -120.825552136352115, 37.363982482584341 ], [ -120.825557074827458, 37.362420263594075 ], [ -120.825583279254332, 37.362412079032261 ], [ -120.82557844181656, 37.362360802802293 ], [ -120.825596092015559, 37.362331798256946 ], [ -120.825583986205686, 37.362090711475702 ], [ -120.825549311114941, 37.362066995774306 ], [ -120.825469176736874, 37.362062454599844 ], [ -120.825485715959147, 37.362407620837864 ], [ -120.825506597607713, 37.362411877108372 ], [ -120.825506564131715, 37.362873336673175 ], [ -120.82550683162178, 37.363981276096723 ], [ -120.824976120246802, 37.363986218201106 ], [ -120.824379761427366, 37.363981661448406 ], [ -120.82432826369083, 37.36398323399635 ], [ -120.82368834508074, 37.36398421269255 ], [ -120.823260212069243, 37.36398167021283 ], [ -120.823262770832173, 37.363923030715412 ], [ -120.82326378007869, 37.363571888363424 ], [ -120.823268358919449, 37.363183036319917 ], [ -120.823270105563978, 37.362809951639058 ], [ -120.823273161128867, 37.362426263986656 ], [ -120.823273050110132, 37.36168344350709 ], [ -120.823276909087909, 37.361241597992361 ], [ -120.823279298144385, 37.360732929934947 ], [ -120.823289760354129, 37.360541195694388 ], [ -120.825494010094204, 37.360543372589603 ], [ -120.825493187443712, 37.360600654321367 ], [ -120.825490073540323, 37.360610772316349 ], [ -120.825490212248226, 37.360613632143277 ], [ -120.8254913899776, 37.360675173205323 ], [ -120.825563925544373, 37.360684424331083 ], [ -120.825564301520515, 37.360544079388355 ], [ -120.827841012712781, 37.360547961641451 ], [ -120.827832765219469, 37.360675876396009 ], [ -120.827925051985147, 37.360680237074533 ], [ -120.827932929989188, 37.360545146819668 ], [ -120.832069727842821, 37.360551718264688 ], [ -120.832085725675981, 37.360582897110085 ], [ -120.832267265018672, 37.360591733760508 ], [ -120.832296388666279, 37.360555171316911 ], [ -120.83229757673061, 37.360654446814117 ], [ -120.832296254714677, 37.360963794665999 ], [ -120.832295065154227, 37.36153805786568 ], [ -120.832283980734829, 37.361982867454152 ], [ -120.832290565211238, 37.362268620580814 ], [ -120.832281588465207, 37.362270337681025 ] ], [ [ -120.825568575171332, 37.361318061095723 ], [ -120.825476086937115, 37.361315494723165 ], [ -120.8254747077834, 37.361553882545294 ], [ -120.825567221035385, 37.361551992936157 ], [ -120.825568575171332, 37.361318061095723 ] ] ] } },
{ "type": "Feature", "properties": { "OBJECTID": 1408, "Block_ID": "068", "PBLK_N": 133492.0, "Property": "LIVINGSTON RANCHES", "Shape_STAr": 142344.73361900001, "Shape_STLe": 1948.57413475, "Block_Cult": "MERLOT", "Block_Trel": "4-WIRE VERTICAL W/M", "Plany_Year": 1994.0, "SP": 8.0, "RW": 10.0, "Acerage": 34.28 }, "geometry": { "type": "Polygon", "coordinates": [ [ [ -120.832257183565716, 37.3603119145845 ], [ -120.832047189775949, 37.360315067934479 ], [ -120.831589590366349, 37.360317517569726 ], [ -120.83096808715527, 37.360308665974685 ], [ -120.830468127851688, 37.36031131045025 ], [ -120.829608943207887, 37.360308857190468 ], [ -120.829153881394518, 37.360312264886552 ], [ -120.828685297713719, 37.360312754760663 ], [ -120.82807454123261, 37.360311980976299 ], [ -120.827481823102616, 37.360309137414994 ], [ -120.826937887737941, 37.360309047048816 ], [ -120.826423079409665, 37.360311773105401 ], [ -120.825792934414594, 37.360308184843277 ], [ -120.825255029424895, 37.360311036234258 ], [ -120.824723690687051, 37.36030990751474 ], [ -120.824153622002939, 37.360305092290972 ], [ -120.823552587848681, 37.360301477048374 ], [ -120.823277318777457, 37.360300031817459 ], [ -120.823280653996761, 37.359956277056078 ], [ -120.823286333189628, 37.359658122150336 ], [ -120.823283015567867, 37.359298402805038 ], [ -120.823280284653904, 37.358860766991945 ], [ -120.823285061731696, 37.358690469410874 ], [ -120.824979467119547, 37.358698011490191 ], [ -120.825387978122947, 37.358695947020777 ], [ -120.827974603005686, 37.35870635681917 ], [ -120.828963239429854, 37.358711477377092 ], [ -120.829297473735082, 37.358709694034694 ], [ -120.830724483024539, 37.358708481565628 ], [ -120.832303718980711, 37.358727564622583 ], [ -120.832307861107779, 37.358926832028054 ], [ -120.832305021849137, 37.359309961168371 ], [ -120.832300075396503, 37.359720175455429 ], [ -120.832299284428075, 37.36027747815713 ], [ -120.832257183565716, 37.3603119145845 ] ] ] } },
{ "type": "Feature", "properties": { "OBJECTID": 1424, "Block_ID": "104", "PBLK_N": 101622.0, "Property": "LIVINGSTON RANCHES", "Shape_STAr": 583022.79888200003, "Shape_STLe": 6498.1256914200003, "Block_Cult": "OPEN LAND", "Block_Trel": null, "Plany_Year": null, "SP": null, "RW": null, "Acerage": null }, "geometry": { "type": "MultiPolygon", "coordinates": [ [ [ [ -120.800749592136512, 37.367615940380432 ], [ -120.799792470531543, 37.367614001606782 ], [ -120.799790303343286, 37.367583333856913 ], [ -120.799680199053768, 37.36758469531356 ], [ -120.798744921642239, 37.367589564563637 ], [ -120.7987438563095, 37.367420944141337 ], [ -120.798360404, 37.367418053064789 ], [ -120.798362688689636, 37.367584762628525 ], [ -120.797464244394547, 37.367585017316387 ], [ -120.796467720684504, 37.367587204554816 ], [ -120.79647182748522, 37.367225035079137 ], [ -120.796478317441398, 37.366264443323388 ], [ -120.796527150213677, 37.364081003873466 ], [ -120.79668505696327, 37.364080845157467 ], [ -120.796686968735401, 37.363992714987504 ], [ -120.796527855653579, 37.363992868276789 ], [ -120.796529354969394, 37.363504705901363 ], [ -120.796642656667473, 37.363505279005913 ], [ -120.79664677187219, 37.363443026848088 ], [ -120.796533462294207, 37.363443411891865 ], [ -120.796542395953679, 37.362930098687848 ], [ -120.796650882124808, 37.362929689202268 ], [ -120.796651366354766, 37.362869335214313 ], [ -120.796542895086233, 37.362867828418864 ], [ -120.79655038466818, 37.362384275129322 ], [ -120.796662494135731, 37.362382926496842 ], [ -120.796664419582697, 37.362292880929274 ], [ -120.796551135651541, 37.362290391556151 ], [ -120.796565187618853, 37.361827939833404 ], [ -120.796670148791677, 37.361828470593302 ], [ -120.79667081673243, 37.361745045605268 ], [ -120.796560857845975, 37.361744488881882 ], [ -120.796563722899108, 37.361306986296128 ], [ -120.796653853926529, 37.361307442579097 ], [ -120.796654744525384, 37.361196280022355 ], [ -120.796567720855805, 37.361195839852243 ], [ -120.796570727456483, 37.360820357639781 ], [ -120.79660180742863, 37.360820515105345 ], [ -120.796614238509321, 37.360820577735531 ], [ -120.796648505635829, 37.36081087027771 ], [ -120.796676615750073, 37.360793720066866 ], [ -120.796698647655219, 37.360759246092613 ], [ -120.796702269353858, 37.360695034241346 ], [ -120.796696053823851, 37.36069500293101 ], [ -120.796587671037628, 37.360645046759771 ], [ -120.796563617433435, 37.360543639062954 ], [ -120.798532143924689, 37.360525818226428 ], [ -120.798531801145245, 37.360568843790261 ], [ -120.798769975380253, 37.360570045200781 ], [ -120.798764837015369, 37.360535598239245 ], [ -120.800919194153977, 37.360550742294436 ], [ -120.800900120354669, 37.362040491871973 ], [ -120.798393701181809, 37.362045086340522 ], [ -120.798398496608016, 37.362122557963303 ], [ -120.798858614146639, 37.362124879005009 ], [ -120.798853612230047, 37.362073222376665 ], [ -120.80090519173865, 37.362083544023811 ], [ -120.800799095969339, 37.366999630834059 ], [ -120.800798097622945, 37.367579778235012 ], [ -120.800749592136512, 37.367615940380432 ] ], [ [ -120.798768454998992, 37.365967527295034 ], [ -120.798764025137572, 37.365944496234818 ], [ -120.798491230518522, 37.365943436728116 ], [ -120.79849696092009, 37.366002810761721 ], [ -120.798580773533743, 37.366004347919102 ], [ -120.798591255322606, 37.366034669397621 ], [ -120.79903172711137, 37.366030323189371 ], [ -120.79903363051875, 37.365968556291392 ], [ -120.798768454998992, 37.365967527295034 ] ], [ [ -120.798890644170115, 37.363966946253804 ], [ -120.798481253219748, 37.363965356800207 ], [ -120.798483540938108, 37.364055751094902 ], [ -120.798895788468002, 37.364055092143523 ], [ -120.798890644170115, 37.363966946253804 ] ], [ [ -120.798837337364972, 37.362241386135167 ], [ -120.798503210165578, 37.362233704705396 ], [ -120.798513914617772, 37.362321855653462 ], [ -120.798843245819043, 37.362325688263397 ], [ -120.798837337364972, 37.362241386135167 ] ], [ [ -120.798788888891536, 37.364683506051094 ], [ -120.798461642314862, 37.364684772672611 ], [ -120.798464460291854, 37.36474568118728 ], [ -120.798790103586995, 37.364745677572856 ], [ -120.798788888891536, 37.364683506051094 ] ], [ [ -120.798805217288731, 37.363250395267777 ], [ -120.798520851396773, 37.363249291115736 ], [ -120.798523648430574, 37.363316980190596 ], [ -120.798804810110582, 37.363316795076898 ], [ -120.798805217288731, 37.363250395267777 ] ], [ [ -120.798459211980926, 37.365339418839959 ], [ -120.798460457508014, 37.365396516316352 ], [ -120.798774929337554, 37.365396468868049 ], [ -120.798776884919462, 37.365338115662347 ], [ -120.798459211980926, 37.365339418839959 ] ], [ [ -120.799996810096872, 37.36596986660382 ], [ -120.799736198785681, 37.365970068581504 ], [ -120.799738868828513, 37.366031853380186 ], [ -120.800001003514197, 37.366031657364047 ], [ -120.799996810096872, 37.36596986660382 ] ], [ [ -120.797625304761041, 37.363995922366655 ], [ -120.797358050102261, 37.363997141540324 ], [ -120.797363373954425, 37.364055912918275 ], [ -120.797624928862888, 37.364056931448111 ], [ -120.797625304761041, 37.363995922366655 ] ], [ [ -120.798725428048712, 37.366961639305167 ], [ -120.798480062805353, 37.366960686470392 ], [ -120.798479682100549, 37.367022459336823 ], [ -120.79872504114492, 37.367024623098089 ], [ -120.798725428048712, 37.366961639305167 ] ] ], [ [ [ -120.804141017140012, 37.367667495868922 ], [ -120.804137793081352, 37.367649652148984 ], [ -120.80261177582841, 37.367640235736232 ], [ -120.802031606852239, 37.367633763037311 ], [ -120.800914789709665, 37.367618353096027 ], [ -120.800911359698929, 37.367485519080439 ], [ -120.801066117164879, 37.367488079118765 ], [ -120.801064412705955, 37.367420325211171 ], [ -120.800916348507144, 37.367422256049217 ], [ -120.800910493530338, 37.36740533044447 ], [ -120.800945051405009, 37.366026949476264 ], [ -120.802002027048758, 37.366029397046631 ], [ -120.802049099794232, 37.366067283324334 ], [ -120.802134278270344, 37.366079005939419 ], [ -120.802200598238841, 37.366079338563466 ], [ -120.80228121908371, 37.366068447516724 ], [ -120.802338422544381, 37.366023552963881 ], [ -120.802788450171079, 37.366025807277715 ], [ -120.802787912930711, 37.366093576287639 ], [ -120.803252152822452, 37.366095900434843 ], [ -120.803248399534468, 37.365971632953759 ], [ -120.802789916808521, 37.365966531579986 ], [ -120.802788659284488, 37.365999452511382 ], [ -120.802040192858655, 37.365995702340904 ], [ -120.802040432304267, 37.365965582479696 ], [ -120.801803576452258, 37.365964394814462 ], [ -120.801803307960085, 37.365998279763588 ], [ -120.801089777152683, 37.365994351523796 ], [ -120.800957347128744, 37.365967330239151 ], [ -120.801036620015267, 37.36053326324523 ], [ -120.801346465443771, 37.360529816933813 ], [ -120.802287568858361, 37.36052953576371 ], [ -120.803045326757697, 37.360529329655371 ], [ -120.805162900756542, 37.360535255579684 ], [ -120.805072710737946, 37.365963730795166 ], [ -120.805064770730596, 37.366685086040363 ], [ -120.805059862312618, 37.367164593085533 ], [ -120.805058112294589, 37.367670291772953 ], [ -120.804141017140012, 37.367667495868922 ] ], [ [ -120.802867006364778, 37.367420165220786 ], [ -120.802875155143496, 37.367506370901054 ], [ -120.803217783636271, 37.367507689210598 ], [ -120.803222645448699, 37.367421532596993 ], [ -120.802867006364778, 37.367420165220786 ] ] ] ] } },
{ "type": "Feature", "properties": { "OBJECTID": 1425, "Block_ID": "004", "PBLK_N": 101628.0, "Property": "LIVINGSTON RANCHES", "Shape_STAr": 106629.625354, "Shape_STLe": 2177.4302991999998, "Block_Cult": "MUSCAT OF ALEXANDRIA", "Block_Trel": "SPLIT", "Plany_Year": 2011.0, "SP": 5.0, "RW": 11.0, "Acerage": 27.1 }, "geometry": { "type": "MultiPolygon", "coordinates": [ [ [ [ -120.80523279776888, 37.361750058895367 ], [ -120.805253958317152, 37.360516136015391 ], [ -120.80609878093432, 37.360511273789335 ], [ -120.806098423390665, 37.360556640307998 ], [ -120.806292152267929, 37.360559458788472 ], [ -120.80629252249436, 37.36051253944315 ], [ -120.807220626265789, 37.360517156212616 ], [ -120.807217038592697, 37.360556239203902 ], [ -120.807302306729568, 37.360556663694652 ], [ -120.80730773763419, 37.360700062787565 ], [ -120.807629132989149, 37.360701659602093 ], [ -120.807633768674918, 37.360521815359988 ], [ -120.808385591287319, 37.360525546848201 ], [ -120.808388645092094, 37.360554236521189 ], [ -120.808572319436209, 37.360552541354984 ], [ -120.80857254462741, 37.36052386811884 ], [ -120.80950086493408, 37.360525861267426 ], [ -120.809507178712238, 37.360557173642739 ], [ -120.809644939331136, 37.360555248970641 ], [ -120.809647279120256, 37.360675171880807 ], [ -120.809765363264489, 37.360673149567802 ], [ -120.809746431923813, 37.361415223346093 ], [ -120.809642005042704, 37.361418087536876 ], [ -120.809641223132402, 37.361517894606372 ], [ -120.809743964357764, 37.361518403742679 ], [ -120.809743700457119, 37.361763884135144 ], [ -120.80523279776888, 37.361750058895367 ] ] ], [ [ [ -120.80982666575828, 37.361767264226856 ], [ -120.809833546744613, 37.361617582300298 ], [ -120.809829670033437, 37.361059533663791 ], [ -120.809829269144316, 37.360501498239671 ], [ -120.814058185205766, 37.36050420319652 ], [ -120.814058036176348, 37.361780126768167 ], [ -120.80982666575828, 37.361767264226856 ] ] ] ] } },
{ "type": "Feature", "properties": { "OBJECTID": 1426, "Block_ID": "005", "PBLK_N": 101623.0, "Property": "LIVINGSTON RANCHES", "Shape_STAr": 750596.787258, "Shape_STLe": 7666.5810976800003, "Block_Cult": "CABERNET SAUVIGNON", "Block_Trel": "LIV. DIVIDED CANOPY", "Plany_Year": 1996.0, "SP": 5.0, "RW": 11.0, "Acerage": 184.96 }, "geometry": { "type": "MultiPolygon", "coordinates": [ [ [ [ -120.788537491250366, 37.367585037672811 ], [ -120.788496490813841, 37.367434973430299 ], [ -120.788068144299316, 37.367437546059769 ], [ -120.788017433274021, 37.367583323042041 ], [ -120.787785456104714, 37.367587610550423 ], [ -120.786715127622642, 37.367593613659892 ], [ -120.785967408754018, 37.367594470585779 ], [ -120.785069713818416, 37.36759189835292 ], [ -120.785021161265092, 37.367529300064113 ], [ -120.785039502429825, 37.366718088463799 ], [ -120.78504381862227, 37.366308191954808 ], [ -120.785058923862678, 37.365868278861505 ], [ -120.785067555361053, 37.365316884025802 ], [ -120.785082153635287, 37.364681415893543 ], [ -120.785094530133662, 37.36425781718556 ], [ -120.785090213297153, 37.364151480539157 ], [ -120.785134451109357, 37.364085448797603 ], [ -120.785303847326915, 37.364085448966129 ], [ -120.785300611087024, 37.364053719278495 ], [ -120.786791734122147, 37.36405028917563 ], [ -120.788160934115552, 37.364052861980419 ], [ -120.789209683585895, 37.364049431825826 ], [ -120.790845387217502, 37.364051146707574 ], [ -120.791723660785664, 37.364046859163423 ], [ -120.791711791360768, 37.364551955222332 ], [ -120.79169237114607, 37.365265431653803 ], [ -120.791691291217276, 37.365973754604887 ], [ -120.791672949305365, 37.366766966501501 ], [ -120.791664318092373, 37.367259182624139 ], [ -120.791650291221742, 37.367573890114457 ], [ -120.790482857042477, 37.367579035584669 ], [ -120.789703833391343, 37.367580239661393 ], [ -120.78910070987456, 37.367582720940241 ], [ -120.788537491250366, 37.367585037672811 ] ] ], [ [ [ -120.791718623686592, 37.364018220981521 ], [ -120.790845150786737, 37.364017919177272 ], [ -120.788985305337931, 37.364017276575439 ], [ -120.787663806511247, 37.364017276714769 ], [ -120.786729725183378, 37.36401916617929 ], [ -120.785923990163923, 37.364020110118659 ], [ -120.785175299090838, 37.364021055083612 ], [ -120.785187183763966, 37.363919044982509 ], [ -120.785203820438738, 37.363765085876125 ], [ -120.78521332804479, 37.363170024941184 ], [ -120.785226399739187, 37.36256456879758 ], [ -120.785244226197804, 37.36191093564296 ], [ -120.785260864099101, 37.361334750950192 ], [ -120.785281066730235, 37.360614986552193 ], [ -120.786175930512556, 37.360617820023641 ], [ -120.787036331690913, 37.360612152636627 ], [ -120.788546786748356, 37.360614041192051 ], [ -120.789490374893873, 37.36061782006103 ], [ -120.790564687965457, 37.360621597727061 ], [ -120.791777535875141, 37.360621215609129 ], [ -120.791760217078945, 37.361911879333697 ], [ -120.791748333069549, 37.362305760655865 ], [ -120.791737637876409, 37.362897050239901 ], [ -120.791724110329127, 37.363491159989302 ], [ -120.791729319473163, 37.363764140742838 ], [ -120.791718623686592, 37.364018220981521 ] ] ], [ [ [ -120.795214781094813, 37.367269455344108 ], [ -120.795209077778253, 37.367575470599199 ], [ -120.794252179113613, 37.367577737426259 ], [ -120.79425217885543, 37.367458731814288 ], [ -120.793971240623506, 37.367456464837467 ], [ -120.793977688618654, 37.367503234258201 ], [ -120.794011171427769, 37.367521068242667 ], [ -120.794011171317905, 37.367574336264845 ], [ -120.792870308876076, 37.367574337007092 ], [ -120.792044535765839, 37.367569350612463 ], [ -120.791765097639896, 37.367577736997575 ], [ -120.791767949236402, 37.367123247768255 ], [ -120.792014661190422, 37.36712664793081 ], [ -120.79200895730736, 37.367065444535385 ], [ -120.791776506055456, 37.36706544461488 ], [ -120.791776505852326, 37.366769627743359 ], [ -120.791780784795435, 37.366157589238426 ], [ -120.792047461115743, 37.36615645573967 ], [ -120.792050313647707, 37.366099785302353 ], [ -120.791790766257066, 37.366102051735623 ], [ -120.791800748765127, 37.365228188074944 ], [ -120.792060295349714, 37.365223654573995 ], [ -120.792063147827307, 37.365166983228583 ], [ -120.791807879883464, 37.365162449869906 ], [ -120.791809306079912, 37.364850756913036 ], [ -120.791822140690684, 37.364046018582577 ], [ -120.793161228157501, 37.36404941863568 ], [ -120.793955553404075, 37.364042618297766 ], [ -120.793955553751985, 37.364104957171378 ], [ -120.794203691225235, 37.36410495708644 ], [ -120.794196560582634, 37.364044885086898 ], [ -120.795370223645691, 37.364047151491583 ], [ -120.796359922059466, 37.3640426176567 ], [ -120.796349940412327, 37.364653539780448 ], [ -120.79633995752468, 37.365766561705719 ], [ -120.79632569689069, 37.366490810749795 ], [ -120.796314287770457, 37.36727172182988 ], [ -120.795214781094813, 37.367269455344108 ] ] ], [ [ [ -120.792089365998848, 37.363990952932461 ], [ -120.792074004144894, 37.363961651108305 ], [ -120.791828227335046, 37.363955546974331 ], [ -120.791843588862349, 37.363353644287777 ], [ -120.792282915235077, 37.363354864969615 ], [ -120.793310569941582, 37.363354865692386 ], [ -120.793716102987815, 37.363354865782348 ], [ -120.793931157836241, 37.36335974931567 ], [ -120.793937302221508, 37.363443990689774 ], [ -120.794261420330244, 37.363437886789903 ], [ -120.794258347837072, 37.363291378729741 ], [ -120.793938837717789, 37.363290157837646 ], [ -120.793937301764331, 37.363325563458801 ], [ -120.792877387922331, 37.36331945939888 ], [ -120.791843588816647, 37.363320680568741 ], [ -120.791851269055698, 37.362787143889157 ], [ -120.791858949402425, 37.362188895093865 ], [ -120.791877383667952, 37.361406280343154 ], [ -120.791889672001105, 37.360622436977913 ], [ -120.792451886160634, 37.36062243714094 ], [ -120.793316715022328, 37.360619994747545 ], [ -120.79425834834899, 37.360618773998382 ], [ -120.79538585016553, 37.360622437021711 ], [ -120.796399680511882, 37.360612668528077 ], [ -120.796398144475702, 37.360729879027886 ], [ -120.796348990222342, 37.360775054330603 ], [ -120.796347453209734, 37.360822671405238 ], [ -120.796401216983355, 37.360834880615577 ], [ -120.79638076138022, 37.362394014643918 ], [ -120.796375102957924, 37.363082603382715 ], [ -120.796359741813291, 37.364015370392735 ], [ -120.795318260068967, 37.364014564288077 ], [ -120.794215333423466, 37.364016298819884 ], [ -120.793253734394185, 37.364017811991715 ], [ -120.792144665783681, 37.364021475429709 ], [ -120.792089365998848, 37.363990952932461 ] ] ] ] } },
{ "type": "Feature", "properties": { "OBJECTID": 1427, "Block_ID": "028", "PBLK_N": 101625.0, "Property": "LIVINGSTON RANCHES", "Shape_STAr": 291401.69496499997, "Shape_STLe": 2305.5702957100002, "Block_Cult": "MUSCAT CANELLI", "Block_Trel": "SPLIT", "Plany_Year": 2011.0, "SP": 5.0, "RW": 11.0, "Acerage": 71.83 }, "geometry": { "type": "Polygon", "coordinates": [ [ [ -120.786817960687387, 37.381809802445858 ], [ -120.786779753893853, 37.381807269458903 ], [ -120.786779411177733, 37.381849326818838 ], [ -120.7868146970401, 37.381849507709099 ], [ -120.786820045191575, 37.381914960614289 ], [ -120.78675533615683, 37.381916964791969 ], [ -120.786763777136471, 37.38196374021436 ], [ -120.786796084041953, 37.381968579177872 ], [ -120.786783580086635, 37.382059643154051 ], [ -120.786513132927283, 37.382048905497932 ], [ -120.786509800133956, 37.382088612106159 ], [ -120.785140423003639, 37.382062866915206 ], [ -120.785137196897054, 37.382097899289924 ], [ -120.783427306188273, 37.382072716321609 ], [ -120.783421234380327, 37.382096050796555 ], [ -120.782388265480762, 37.382081359501321 ], [ -120.782391014287313, 37.382104740375624 ], [ -120.781711848055963, 37.382101221615095 ], [ -120.781708715276977, 37.38212457180822 ], [ -120.780843460893536, 37.382113072586009 ], [ -120.780843268538376, 37.382136438575813 ], [ -120.780819725384418, 37.382138652923679 ], [ -120.779002423622444, 37.382115185128598 ], [ -120.778838276651143, 37.382051241088867 ], [ -120.778660547097815, 37.381851703361299 ], [ -120.778348800574364, 37.381500873034966 ], [ -120.778173897666264, 37.381315368064897 ], [ -120.778133252631704, 37.381252067732206 ], [ -120.778102740950814, 37.38102992957652 ], [ -120.778056253718162, 37.380961925500365 ], [ -120.778053333082653, 37.380959574088131 ], [ -120.777994649360593, 37.380943935966542 ], [ -120.777989945283608, 37.380801377237681 ], [ -120.7780017978899, 37.380434589131262 ], [ -120.778048902169132, 37.380427825126795 ], [ -120.778057762901256, 37.380423198152876 ], [ -120.778078461587995, 37.380409286366159 ], [ -120.778087378916794, 37.380397649241651 ], [ -120.778111152552455, 37.380367397508415 ], [ -120.77811142348817, 37.380334685836786 ], [ -120.778088092899978, 37.380311198137143 ], [ -120.778082250537423, 37.380306494421482 ], [ -120.7780325344403, 37.380273522521904 ], [ -120.778009397133246, 37.380226669714254 ], [ -120.778051239258417, 37.378851113226396 ], [ -120.778243957389364, 37.378848458778492 ], [ -120.778260636487502, 37.378603877464911 ], [ -120.781773111482778, 37.378659173784627 ], [ -120.781778820409329, 37.378680233157219 ], [ -120.782277705116414, 37.378696837551153 ], [ -120.784353643969638, 37.378733274330543 ], [ -120.784359352482156, 37.378754332687187 ], [ -120.785542904061401, 37.378779128930894 ], [ -120.786854182856416, 37.378799897301526 ], [ -120.786843768519716, 37.37883255634349 ], [ -120.786927306239818, 37.378834809797794 ], [ -120.786894626279391, 37.379959471780708 ], [ -120.786877963974504, 37.380922608469419 ], [ -120.786862410106068, 37.381767972085669 ], [ -120.786817960687387, 37.381809802445858 ] ] ] } },
{ "type": "Feature", "properties": { "OBJECTID": 1428, "Block_ID": "125", "PBLK_N": 101627.0, "Property": "LIVINGSTON RANCHES", "Shape_STAr": 165843.353386, "Shape_STLe": 1718.86882616, "Block_Cult": "DORNFELDER", "Block_Trel": "SPLIT", "Plany_Year": 2011.0, "SP": 5.0, "RW": 11.0, "Acerage": 40.92 }, "geometry": { "type": "Polygon", "coordinates": [ [ [ -120.791383050356231, 37.381747278183575 ], [ -120.791352411042951, 37.38176018685369 ], [ -120.791263072955104, 37.381766269419963 ], [ -120.791261122367175, 37.381858892142695 ], [ -120.791304371521804, 37.381861023175638 ], [ -120.791304228441646, 37.381909255083528 ], [ -120.787273662280469, 37.381845160869247 ], [ -120.78715709743291, 37.381843607054954 ], [ -120.787035083859337, 37.381773266028858 ], [ -120.787035068124197, 37.381627628715506 ], [ -120.787075680802516, 37.379443119141669 ], [ -120.787212785349425, 37.379410437513705 ], [ -120.7872837349435, 37.379405072277869 ], [ -120.787287350534967, 37.379256113839887 ], [ -120.787221262422094, 37.379254819518529 ], [ -120.787223513147538, 37.379125908978217 ], [ -120.787118963392402, 37.37912537152117 ], [ -120.787089137224584, 37.379098479344357 ], [ -120.787092195084895, 37.378501289608295 ], [ -120.787397461100113, 37.378510323176506 ], [ -120.787389432542071, 37.378342304167809 ], [ -120.787105305161163, 37.378333378375672 ], [ -120.787101295959928, 37.377960071633424 ], [ -120.791478860420071, 37.378029147037481 ], [ -120.791464650169985, 37.379206518909903 ], [ -120.791444675458095, 37.380225193870849 ], [ -120.791423198466347, 37.381139027822755 ], [ -120.791411798250522, 37.381387205149565 ], [ -120.791409037786934, 37.381728746325429 ], [ -120.791383050356231, 37.381747278183575 ] ] ] } },
{ "type": "Feature", "properties": { "OBJECTID": 1429, "Block_ID": "102", "PBLK_N": 101646.0, "Property": "LIVINGSTON RANCHES", "Shape_STAr": 287048.75180600001, "Shape_STLe": 2904.3384335800001, "Block_Cult": "MUSCAT OF ALEXANDRIA", "Block_Trel": "SPLIT", "Plany_Year": 2011.0, "SP": 5.0, "RW": 11.0, "Acerage": 70.28 }, "geometry": { "type": "Polygon", "coordinates": [ [ [ -120.802065383672129, 37.375135129077321 ], [ -120.801590576151625, 37.375417791628529 ], [ -120.801068998306789, 37.375854048386564 ], [ -120.800759005144812, 37.376173729785727 ], [ -120.800556139657758, 37.376624872964925 ], [ -120.800479785864709, 37.37691858099884 ], [ -120.800406534879912, 37.377537629889822 ], [ -120.800402608343859, 37.378030778993555 ], [ -120.800359695516462, 37.379844894596395 ], [ -120.800297760105948, 37.380222318063772 ], [ -120.800166677443357, 37.380540134892421 ], [ -120.799964294063528, 37.380855319269614 ], [ -120.799721027912426, 37.381105529502157 ], [ -120.799320946495314, 37.381433313937627 ], [ -120.798971363759293, 37.381623271416707 ], [ -120.798395881546156, 37.381868663221383 ], [ -120.7980866559341, 37.381959698789196 ], [ -120.797445987788421, 37.382025608704915 ], [ -120.796288371711441, 37.382015769788545 ], [ -120.796285763465718, 37.381961337207301 ], [ -120.796259950206192, 37.381953950207489 ], [ -120.796186919263434, 37.381951311923217 ], [ -120.7961874453202, 37.381819994524754 ], [ -120.796189588930673, 37.381792504209294 ], [ -120.796224319874284, 37.381777401587058 ], [ -120.796233956779105, 37.381774394572624 ], [ -120.796237814422199, 37.381772886238657 ], [ -120.79625520530648, 37.381762279664393 ], [ -120.796261046410166, 37.381753141950718 ], [ -120.796266863233157, 37.381747060386168 ], [ -120.796270769441847, 37.38173944065192 ], [ -120.796272790465324, 37.381727228390403 ], [ -120.796257580739521, 37.381705761767989 ], [ -120.796253771669285, 37.381701158703422 ], [ -120.796248040983343, 37.381696545985889 ], [ -120.796228911785576, 37.381684226725739 ], [ -120.796204100486037, 37.381661183343567 ], [ -120.796239765320209, 37.379850698397469 ], [ -120.796239789599937, 37.379847642247242 ], [ -120.796253357788984, 37.379833960236645 ], [ -120.796265016548787, 37.379818740946575 ], [ -120.796270821078366, 37.379814187005323 ], [ -120.796282466557017, 37.379800495346416 ], [ -120.796280764679409, 37.379772985731414 ], [ -120.796280801110726, 37.379768402855362 ], [ -120.796255966137039, 37.37974841472807 ], [ -120.796236838562976, 37.379736095457993 ], [ -120.796262974442229, 37.377674816243932 ], [ -120.797056902596154, 37.377689527523508 ], [ -120.798204593477394, 37.377706018284215 ], [ -120.79822554669056, 37.377730569663122 ], [ -120.798450488489706, 37.377731704163054 ], [ -120.79846202437686, 37.377731762720515 ], [ -120.798525591562495, 37.377716804465386 ], [ -120.798537163740619, 37.377712280137295 ], [ -120.798562291195822, 37.37769560025675 ], [ -120.798577904442496, 37.377666650409452 ], [ -120.798577928626798, 37.377663594257733 ], [ -120.798581834399997, 37.37765597534262 ], [ -120.798581956479921, 37.377640697275019 ], [ -120.798581968576713, 37.377639169648987 ], [ -120.798580228487765, 37.377616242943681 ], [ -120.798576444806997, 37.377608584690662 ], [ -120.798570908954218, 37.377579528257641 ], [ -120.798570993614348, 37.377568833075813 ], [ -120.798559665647957, 37.377542803070803 ], [ -120.798557780419628, 37.37753820967734 ], [ -120.798536887640267, 37.37750602022556 ], [ -120.798210049904057, 37.377504370990337 ], [ -120.798180039320172, 37.37765089243873 ], [ -120.79626327258002, 37.377632038501808 ], [ -120.796262438373986, 37.3774961510682 ], [ -120.796276055840721, 37.377476358539013 ], [ -120.796279975101484, 37.377467211166113 ], [ -120.796283832523343, 37.377465702829625 ], [ -120.796303143916063, 37.377455105893681 ], [ -120.796310870890693, 37.377450560693731 ], [ -120.79634567266298, 37.377426292270712 ], [ -120.796351489135944, 37.377420209798451 ], [ -120.796357305617477, 37.377414128225453 ], [ -120.796365044726357, 37.377408055395982 ], [ -120.796376727371523, 37.377389780837525 ], [ -120.796378674291603, 37.377386735228868 ], [ -120.796378736119934, 37.377379096192101 ], [ -120.796361653161867, 37.377351508522338 ], [ -120.796354012305514, 37.377345358537475 ], [ -120.796319577074712, 37.377323794571943 ], [ -120.796315731803517, 37.377323775283649 ], [ -120.796281394861794, 37.377289989392438 ], [ -120.796284128561183, 37.374898370793836 ], [ -120.801951817829988, 37.374925568753447 ], [ -120.802385788798986, 37.374937656925319 ], [ -120.802390296299379, 37.375086987846814 ], [ -120.802065383672129, 37.375135129077321 ] ] ] } },
{ "type": "Feature", "properties": { "OBJECTID": 1431, "Block_ID": "016", "PBLK_N": 101648.0, "Property": "LIVINGSTON RANCHES", "Shape_STAr": 289047.068019, "Shape_STLe": 4542.7892550899996, "Block_Cult": "MUSCAT OF ALEXANDRIA", "Block_Trel": "SPLIT", "Plany_Year": 2011.0, "SP": 5.0, "RW": 11.0, "Acerage": 71.07 }, "geometry": { "type": "MultiPolygon", "coordinates": [ [ [ [ -120.829153689589518, 37.373308301903457 ], [ -120.828898328693498, 37.373596803426047 ], [ -120.828485544173418, 37.373944909061557 ], [ -120.828169876761521, 37.374172762171746 ], [ -120.827348089059228, 37.374535645908452 ], [ -120.826871410727051, 37.374748737634413 ], [ -120.826517406396121, 37.374847897576061 ], [ -120.826034572986273, 37.375068218339216 ], [ -120.826023658312394, 37.375095935617203 ], [ -120.82582493056141, 37.375199039711767 ], [ -120.825809500955557, 37.375225585466723 ], [ -120.825399064568785, 37.375524480946929 ], [ -120.824945408360833, 37.375916641434422 ], [ -120.824644405912807, 37.37620244655065 ], [ -120.824359705175738, 37.376397093330162 ], [ -120.823995994072959, 37.376569578488265 ], [ -120.824023198244049, 37.376596330313994 ], [ -120.82321535697946, 37.376956404215989 ], [ -120.823227096448036, 37.375423338873638 ], [ -120.823233454216265, 37.373931139451031 ], [ -120.826030045382083, 37.372677236801124 ], [ -120.829067648080368, 37.37129875559728 ], [ -120.829168393228215, 37.3713676445999 ], [ -120.829187487600137, 37.37152064555508 ], [ -120.829166601750998, 37.372940997246069 ], [ -120.829153689589518, 37.373308301903457 ] ] ], [ [ [ -120.822948290577358, 37.37694770062128 ], [ -120.822905156878349, 37.377012990336681 ], [ -120.822944755987805, 37.377038025817093 ], [ -120.822964373278808, 37.377074258247568 ], [ -120.821663468697807, 37.377654749488627 ], [ -120.82167745298274, 37.377684178479043 ], [ -120.821469405281618, 37.37777577037329 ], [ -120.821477706382069, 37.377805171986232 ], [ -120.821095458554026, 37.377986261107097 ], [ -120.820584847264968, 37.378218671619237 ], [ -120.820453692777861, 37.378272239877205 ], [ -120.819435454429069, 37.378734810542262 ], [ -120.819165034235255, 37.378787700191303 ], [ -120.81895755707292, 37.378786690770113 ], [ -120.818792921448463, 37.378758785935133 ], [ -120.818685217047474, 37.378719866257391 ], [ -120.818674545999627, 37.378629471498073 ], [ -120.818679341240369, 37.378376534972062 ], [ -120.818687149397334, 37.375194844449858 ], [ -120.818904878370532, 37.37509078062169 ], [ -120.819152747929721, 37.375093345858005 ], [ -120.819564552660893, 37.375119804365859 ], [ -120.819836236436586, 37.375123843513698 ], [ -120.820043362705178, 37.375116698728831 ], [ -120.820384757453411, 37.375087111469227 ], [ -120.820412005740337, 37.375100829267261 ], [ -120.820484003850936, 37.375075366560765 ], [ -120.820507800782849, 37.375093142877546 ], [ -120.820579768558275, 37.375071755584052 ], [ -120.820600135484582, 37.375090874336955 ], [ -120.821162481623659, 37.374835477194111 ], [ -120.821203353573097, 37.374856054076552 ], [ -120.82314797562104, 37.373979667762114 ], [ -120.823145569592882, 37.374070680616235 ], [ -120.822972286755999, 37.374151356690163 ], [ -120.823012845894112, 37.374212688652598 ], [ -120.823146602419811, 37.374158992457502 ], [ -120.823145890828613, 37.37454638042815 ], [ -120.823145112712382, 37.374800124484835 ], [ -120.822906678771005, 37.374904940021487 ], [ -120.822957506967242, 37.374964962318941 ], [ -120.823139339247646, 37.374884327997243 ], [ -120.823141952568406, 37.375212776169484 ], [ -120.822896622293129, 37.375325046744763 ], [ -120.822984644258838, 37.375439591660204 ], [ -120.823144139680196, 37.375373793332535 ], [ -120.823131547810476, 37.376125049305344 ], [ -120.82158933791527, 37.376821702261715 ], [ -120.821565570416197, 37.376799849795972 ], [ -120.82135457433759, 37.376892568370408 ], [ -120.821404659434421, 37.376954649358055 ], [ -120.823130841655356, 37.37617297945075 ], [ -120.823121421937643, 37.376509995848025 ], [ -120.821736318858882, 37.377139246643786 ], [ -120.821710354037478, 37.377112530738408 ], [ -120.82149321352091, 37.377203422510178 ], [ -120.821513521928182, 37.377236197683452 ], [ -120.821447404841138, 37.377278356916591 ], [ -120.821533228002664, 37.377347393848709 ], [ -120.821818005611291, 37.377211530719713 ], [ -120.821764926970999, 37.377162258590076 ], [ -120.823114270317845, 37.376547933485824 ], [ -120.823111768143249, 37.376874687842133 ], [ -120.822948290577358, 37.37694770062128 ] ], [ [ -120.821864639851455, 37.376420684834763 ], [ -120.821595647262171, 37.376543394859794 ], [ -120.821677816294738, 37.37665160908152 ], [ -120.821946793710779, 37.376531530357205 ], [ -120.821864639851455, 37.376420684834763 ] ], [ [ -120.822434042109009, 37.375951181989556 ], [ -120.822208214563574, 37.376055628402987 ], [ -120.822257556227314, 37.37611371357589 ], [ -120.822499927559846, 37.376011959700129 ], [ -120.822434042109009, 37.375951181989556 ] ], [ [ -120.820946013920008, 37.377421616507306 ], [ -120.82072211430129, 37.377514678308508 ], [ -120.820788125050228, 37.377574085972604 ], [ -120.820994237408186, 37.377478385657874 ], [ -120.820946013920008, 37.377421616507306 ] ], [ [ -120.820195635643998, 37.37814552211794 ], [ -120.819991207513866, 37.378229651169299 ], [ -120.820058836722808, 37.378289065188703 ], [ -120.820243865394545, 37.378201005071212 ], [ -120.820195635643998, 37.37814552211794 ] ] ] ] } },
{ "type": "Feature", "properties": { "OBJECTID": 1432, "Block_ID": "103", "PBLK_N": 101649.0, "Property": "LIVINGSTON RANCHES", "Shape_STAr": 454190.10071299999, "Shape_STLe": 3976.9988569699999, "Block_Cult": "CABERNET SAUVIGNON", "Block_Trel": "HIGHWIRE", "Plany_Year": 2012.0, "SP": 6.0, "RW": 9.0, "Acerage": 111.85 }, "geometry": { "type": "MultiPolygon", "coordinates": [ [ [ [ -120.804996643933578, 37.374859732837656 ], [ -120.804942937057561, 37.374856150782001 ], [ -120.804941510935365, 37.3748788163226 ], [ -120.804333288197313, 37.374869183872796 ], [ -120.803903325616744, 37.374863516998552 ], [ -120.80329225117373, 37.374857284624618 ], [ -120.803103296282458, 37.374856150719104 ], [ -120.802976374685201, 37.374857850679305 ], [ -120.802514447263988, 37.374838685826475 ], [ -120.802447121334339, 37.374810534108391 ], [ -120.802366270168051, 37.374786620637522 ], [ -120.802317738341841, 37.37477570578168 ], [ -120.802309638760349, 37.374775674845438 ], [ -120.802242091398668, 37.374783996692642 ], [ -120.802174478313077, 37.374803045952525 ], [ -120.802171777694582, 37.374803035342552 ], [ -120.802104112232684, 37.374830667241291 ], [ -120.800814058480199, 37.374823542822888 ], [ -120.800838068257193, 37.373343115475834 ], [ -120.800850547242092, 37.372938432437508 ], [ -120.800849358878537, 37.372912460438684 ], [ -120.800870155143301, 37.372119613091279 ], [ -120.800870749278985, 37.371801338721227 ], [ -120.800874908444626, 37.371295592031601 ], [ -120.801204095465764, 37.371294174586872 ], [ -120.801671729906928, 37.371297952253684 ], [ -120.802091829491786, 37.371298425279903 ], [ -120.802812375295133, 37.371306074484615 ], [ -120.803010600343015, 37.371304941370028 ], [ -120.803383519405045, 37.371309474647525 ], [ -120.804241305787912, 37.371311741343249 ], [ -120.804472331215067, 37.371310608440709 ], [ -120.805043704351277, 37.371313623062456 ], [ -120.805555963855753, 37.371319242202659 ], [ -120.806226220393341, 37.371321131092898 ], [ -120.806488856371089, 37.371320187050131 ], [ -120.80715554860447, 37.371323020539762 ], [ -120.807799691758959, 37.371328529271494 ], [ -120.808178760114544, 37.371330576000972 ], [ -120.808448525701991, 37.371333408953987 ], [ -120.809387360884401, 37.371339075856348 ], [ -120.809551360421978, 37.371341908511241 ], [ -120.809623852258639, 37.371344741921781 ], [ -120.809620287142295, 37.37158085237256 ], [ -120.809616722256152, 37.371837739443592 ], [ -120.809505012899947, 37.371838683626727 ], [ -120.80950382459703, 37.371938793763896 ], [ -120.809614345606491, 37.371937849559529 ], [ -120.80960602689575, 37.37227028986738 ], [ -120.809606027688119, 37.372682060239512 ], [ -120.809491940077422, 37.372683005264946 ], [ -120.809495505633677, 37.372734003657158 ], [ -120.809470549157481, 37.372735892338603 ], [ -120.809470549314597, 37.372784058668245 ], [ -120.809596519862168, 37.372784058501502 ], [ -120.809591766533984, 37.373328988976397 ], [ -120.809587012128205, 37.373736976314156 ], [ -120.809472926096902, 37.373742642482753 ], [ -120.809468172077757, 37.373843694417054 ], [ -120.809577835105259, 37.373847472778415 ], [ -120.809577505682242, 37.373988189300867 ], [ -120.809569186410499, 37.374243179794824 ], [ -120.809565621123397, 37.374579387665207 ], [ -120.809438463264698, 37.374585998121702 ], [ -120.809433709256638, 37.374684215352225 ], [ -120.809559943105583, 37.374682321565828 ], [ -120.809558491384777, 37.374860818751038 ], [ -120.809203159884703, 37.374853263309227 ], [ -120.809202838884246, 37.374875096458375 ], [ -120.809078377686504, 37.374878761767484 ], [ -120.808472378245895, 37.374870044855108 ], [ -120.808214970973964, 37.374867778485104 ], [ -120.806785326445421, 37.374852479291356 ], [ -120.806786752792945, 37.374879678500726 ], [ -120.806081556604994, 37.374874578852292 ], [ -120.804996643933578, 37.374859732837656 ] ] ], [ [ [ -120.812690251588634, 37.374946239712706 ], [ -120.811277234868953, 37.374926967669509 ], [ -120.811278200284548, 37.37490244027326 ], [ -120.810852841630549, 37.374900140684126 ], [ -120.810599169673395, 37.374894008191404 ], [ -120.809707941625916, 37.374884044499019 ], [ -120.80966936079902, 37.374872546841942 ], [ -120.809678042139183, 37.374525323514561 ], [ -120.809688650478421, 37.374023265020625 ], [ -120.809695402775759, 37.373607818899472 ], [ -120.809699260373506, 37.37325139101997 ], [ -120.809713728597757, 37.372626681360977 ], [ -120.809714692699529, 37.372246488140981 ], [ -120.809719515376244, 37.371872424753654 ], [ -120.809729161226585, 37.37148532732197 ], [ -120.80973301922208, 37.371343519822872 ], [ -120.810294376566304, 37.371345818950957 ], [ -120.810647395213437, 37.371351184504391 ], [ -120.81092421609948, 37.371353484366253 ], [ -120.811402623589231, 37.371360382868467 ], [ -120.811982307399816, 37.37136574920121 ], [ -120.812779976091761, 37.371373414489057 ], [ -120.813188661091701, 37.371377251232765 ], [ -120.814014836600933, 37.371387829103952 ], [ -120.814009131683179, 37.371595606583334 ], [ -120.814001526601089, 37.371934848070602 ], [ -120.814000575561224, 37.372336042942898 ], [ -120.813997723538606, 37.372988074559679 ], [ -120.813989167986051, 37.373606100896154 ], [ -120.813986315206989, 37.37405564052424 ], [ -120.813974963495824, 37.374230922770579 ], [ -120.813973956572582, 37.374911647436889 ], [ -120.813913109391024, 37.374916180545604 ], [ -120.813920714965761, 37.374964533335863 ], [ -120.812690251588634, 37.374946239712706 ] ] ] ] } },
{ "type": "Feature", "properties": { "OBJECTID": 1433, "Block_ID": "008", "PBLK_N": 101667.0, "Property": "LIVINGSTON RANCHES", "Shape_STAr": 339436.37310600001, "Shape_STLe": 4220.3042722500004, "Block_Cult": "MERLOT", "Block_Trel": "4-WIRE VERTICAL W/M", "Plany_Year": 1994.0, "SP": 8.0, "RW": 10.0, "Acerage": 84.88 }, "geometry": { "type": "MultiPolygon", "coordinates": [ [ [ [ -120.83217942629328, 37.369788609887699 ], [ -120.832115452444981, 37.369809075813016 ], [ -120.83163776823352, 37.369965692674107 ], [ -120.830997594790119, 37.370218520510313 ], [ -120.830596719493414, 37.370403233261605 ], [ -120.830128789061277, 37.370624535017448 ], [ -120.8297782019838, 37.37078260693113 ], [ -120.829472118620004, 37.370915785092286 ], [ -120.829125804012207, 37.371074230150612 ], [ -120.828687670750455, 37.37127943610222 ], [ -120.828260607884388, 37.371482769642377 ], [ -120.82786825854312, 37.371660826830336 ], [ -120.827390635594412, 37.37187240527291 ], [ -120.82699866884694, 37.37204818446925 ], [ -120.826557051751536, 37.372242583357867 ], [ -120.826082103199013, 37.372457304589759 ], [ -120.825616596392379, 37.372664353129117 ], [ -120.825126007536781, 37.37288423919815 ], [ -120.82467915434755, 37.373079079313257 ], [ -120.824261252371926, 37.373258857623142 ], [ -120.823926434944482, 37.373425058802034 ], [ -120.823852292658799, 37.373454509345102 ], [ -120.823490637537091, 37.373611205033917 ], [ -120.823311337785654, 37.37368743140572 ], [ -120.823293375740406, 37.373640744831448 ], [ -120.823266584303042, 37.373642151590232 ], [ -120.823266002879635, 37.373568891711557 ], [ -120.823264532107657, 37.373172044888214 ], [ -120.823263477299975, 37.37305634884698 ], [ -120.823271789320671, 37.372555170604286 ], [ -120.823268547335132, 37.372068887932613 ], [ -120.82327219415113, 37.371518046091865 ], [ -120.823275625656521, 37.370934844661441 ], [ -120.823277816477514, 37.370382605780627 ], [ -120.823280052970617, 37.369837351166197 ], [ -120.823277514948572, 37.369477611710018 ], [ -120.827850815080865, 37.369488071856594 ], [ -120.827877372390049, 37.368248371372069 ], [ -120.827875890481124, 37.368086468425531 ], [ -120.827877745491378, 37.367982981477667 ], [ -120.827866807098502, 37.367870434291504 ], [ -120.827938477548742, 37.367870778405518 ], [ -120.827945964585609, 37.36773132067848 ], [ -120.828314073897843, 37.367719585538218 ], [ -120.828319052931107, 37.36780960539577 ], [ -120.828375704077075, 37.367805377429598 ], [ -120.828381946239503, 37.367728910583132 ], [ -120.829576620949098, 37.367725629568675 ], [ -120.829583790748302, 37.367804657891611 ], [ -120.829651441294459, 37.367810964640533 ], [ -120.829652659889746, 37.367722213322061 ], [ -120.830128822260107, 37.367730101991057 ], [ -120.830750565185582, 37.367731668900078 ], [ -120.830754475965477, 37.367807696263881 ], [ -120.830817300825814, 37.367800377089331 ], [ -120.830822234609016, 37.367729773035784 ], [ -120.831256344087635, 37.367730062532168 ], [ -120.831694750195084, 37.367731659091781 ], [ -120.831688661396669, 37.367812193138867 ], [ -120.831815942218626, 37.367805719915516 ], [ -120.83181589358658, 37.367733329765606 ], [ -120.832068990435232, 37.367735334898271 ], [ -120.832062095487728, 37.367810715284769 ], [ -120.832135053559583, 37.367804676786605 ], [ -120.8321264760894, 37.367730924794238 ], [ -120.832237609869921, 37.36773617164792 ], [ -120.832235279807875, 37.367876407839091 ], [ -120.832236299283679, 37.368183710346976 ], [ -120.832237945546552, 37.368645586272464 ], [ -120.832228717930903, 37.369160727131053 ], [ -120.832230850915778, 37.369749728222097 ], [ -120.83217942629328, 37.369788609887699 ] ] ], [ [ [ -120.826826724691784, 37.369372930846232 ], [ -120.825818208345027, 37.369371492753764 ], [ -120.825079333105549, 37.369371346187755 ], [ -120.825087479019217, 37.367741064698215 ], [ -120.825698072972898, 37.367748371266977 ], [ -120.825699805641349, 37.367823497142574 ], [ -120.825803568227457, 37.367820332066579 ], [ -120.825806431953424, 37.367747060837956 ], [ -120.827035808120272, 37.367743621491719 ], [ -120.827041668313086, 37.367818957109911 ], [ -120.827080855837181, 37.367819145736611 ], [ -120.827087278664521, 37.367747279259213 ], [ -120.827778904849168, 37.36775059867437 ], [ -120.827804264143296, 37.367801880665212 ], [ -120.827783740111087, 37.369374114514443 ], [ -120.826826724691784, 37.369372930846232 ] ] ], [ [ [ -120.823292783244909, 37.36937198110536 ], [ -120.823297659015481, 37.368735268348559 ], [ -120.823333423962964, 37.368735441373623 ], [ -120.823332305846989, 37.368414226264036 ], [ -120.823300116742828, 37.36841407081706 ], [ -120.82329388938895, 37.36782562899063 ], [ -120.823329628590329, 37.367824933161096 ], [ -120.823332818364136, 37.367879826481932 ], [ -120.823396665754473, 37.367880548541123 ], [ -120.823398239598532, 37.367743699525015 ], [ -120.8244069049844, 37.367737201596064 ], [ -120.824410046998139, 37.367794068086262 ], [ -120.824485175998859, 37.36779158804044 ], [ -120.824486203286398, 37.367739915885849 ], [ -120.824924423156787, 37.367747055996489 ], [ -120.824927375257417, 37.369368501948578 ], [ -120.823292783244909, 37.36937198110536 ] ] ] ] } },
{ "type": "Feature", "properties": { "OBJECTID": 1434, "Block_ID": "026", "PBLK_N": 101666.0, "Property": "LIVINGSTON RANCHES", "Shape_STAr": 223781.03825300001, "Shape_STLe": 2097.9199650400001, "Block_Cult": "MERLOT", "Block_Trel": "4-WIRE VERTICAL W/M", "Plany_Year": 1994.0, "SP": 8.0, "RW": 10.0, "Acerage": 57.57 }, "geometry": { "type": "Polygon", "coordinates": [ [ [ -120.791766626562207, 37.37299567103944 ], [ -120.79177101028985, 37.372783520039761 ], [ -120.791869806679586, 37.372781901926167 ], [ -120.791867685835825, 37.372713996029873 ], [ -120.791766235673023, 37.372713478996126 ], [ -120.791779535021533, 37.371883792264207 ], [ -120.791854818128684, 37.371818401965989 ], [ -120.791991040727112, 37.371810609293973 ], [ -120.791992377680955, 37.37164512080804 ], [ -120.791909616700508, 37.371644699206257 ], [ -120.791787238343247, 37.371591031699367 ], [ -120.7918051782177, 37.370691773770623 ], [ -120.791882598214656, 37.370692167955632 ], [ -120.791880408206382, 37.370632748563189 ], [ -120.791800300996329, 37.370634462036634 ], [ -120.791820969894928, 37.369727849478814 ], [ -120.791893050173684, 37.36972821705676 ], [ -120.791898869972911, 37.369668837989529 ], [ -120.791875030929546, 37.369645377913415 ], [ -120.791829665071788, 37.369643024596037 ], [ -120.791863879985669, 37.368711960304807 ], [ -120.791922610941214, 37.368712260030406 ], [ -120.791925725013868, 37.368657110929902 ], [ -120.791861672744204, 37.368654662300933 ], [ -120.791882821609235, 37.367689306787739 ], [ -120.792911812791431, 37.367694549916393 ], [ -120.793978299512702, 37.367710583416738 ], [ -120.793978146582148, 37.367729677870351 ], [ -120.794167650881036, 37.367734884226401 ], [ -120.794167838234813, 37.367711546057514 ], [ -120.796151459204609, 37.367708875924748 ], [ -120.796060436374759, 37.373068412737801 ], [ -120.791766626562207, 37.37299567103944 ] ], [ [ -120.7941238205524, 37.371055626706116 ], [ -120.793876210866017, 37.371054654971033 ], [ -120.793877248694344, 37.37116829639487 ], [ -120.794126593369953, 37.371170659967916 ], [ -120.7941238205524, 37.371055626706116 ] ] ] } },
{ "type": "Feature", "properties": { "OBJECTID": 1461, "Block_ID": "006", "PBLK_N": 101553.0, "Property": "LIVINGSTON RANCHES", "Shape_STAr": 327410.55183299998, "Shape_STLe": 2585.8248353399999, "Block_Cult": "MALVASIA BIANCA", "Block_Trel": "4-WIRE VERTICAL W/O", "Plany_Year": 1993.0, "SP": 7.0, "RW": 12.0, "Acerage": 80.66 }, "geometry": { "type": "Polygon", "coordinates": [ [ [ -120.822725384015982, 37.371604423391929 ], [ -120.82235859468544, 37.371595171839004 ], [ -120.820425827143751, 37.371585797886858 ], [ -120.814220901472254, 37.371588515701134 ], [ -120.81423381257342, 37.368717936334981 ], [ -120.814393713774336, 37.368718722073154 ], [ -120.814394584816085, 37.368606590582566 ], [ -120.815147118859841, 37.368602808275405 ], [ -120.815160742824645, 37.367791654654518 ], [ -120.815260072564769, 37.367724830804313 ], [ -120.815993974134457, 37.367739646893945 ], [ -120.816377774792343, 37.367737782858001 ], [ -120.816386461594277, 37.367831313209578 ], [ -120.816447627751771, 37.367831612948926 ], [ -120.816456517539862, 37.367898967545557 ], [ -120.816527094451942, 37.367899312520478 ], [ -120.816523025068761, 37.367817023642196 ], [ -120.816612451798463, 37.367813721903154 ], [ -120.816603591508184, 37.367742628305599 ], [ -120.817163552761386, 37.367737888348813 ], [ -120.817163089407401, 37.367797717865315 ], [ -120.817318355707684, 37.367798476572602 ], [ -120.817309379797251, 37.367742340850633 ], [ -120.818353982551045, 37.367736221629208 ], [ -120.818354597670847, 37.367799795154482 ], [ -120.818425144962021, 37.367803878017313 ], [ -120.818425606184334, 37.367744048503781 ], [ -120.819375881432165, 37.367737457096304 ], [ -120.819451191911952, 37.367734084757323 ], [ -120.819474457822679, 37.36776785293376 ], [ -120.819483724507563, 37.367786595708957 ], [ -120.819540069642656, 37.367801828275603 ], [ -120.819625193324811, 37.367746150258228 ], [ -120.819662891641798, 37.367738855055208 ], [ -120.819662718201087, 37.367761290905641 ], [ -120.819700014117515, 37.367806346292674 ], [ -120.819774949507263, 37.367851585353684 ], [ -120.819803468353626, 37.367814329424931 ], [ -120.819841626776793, 37.367747203747086 ], [ -120.821113548129858, 37.367752241983837 ], [ -120.82207802437938, 37.367764398853694 ], [ -120.822891965874788, 37.367772078263911 ], [ -120.823093939685933, 37.367817928595294 ], [ -120.823070848275776, 37.369604289418433 ], [ -120.823064912142797, 37.369765057854231 ], [ -120.823168424614536, 37.369765558262934 ], [ -120.82319575935125, 37.371599223874142 ], [ -120.822725384015982, 37.371604423391929 ] ], [ [ -120.816596904744628, 37.368537195208354 ], [ -120.816562831704317, 37.368534528324908 ], [ -120.8165620116783, 37.368493041809259 ], [ -120.816501309030755, 37.368490274898178 ], [ -120.816500004108079, 37.36853090784323 ], [ -120.816455294239091, 37.368525660838706 ], [ -120.816454468977838, 37.368665347320515 ], [ -120.816500273979202, 37.368665518380332 ], [ -120.816502153665425, 37.3687078549696 ], [ -120.816556475030225, 37.368708905056828 ], [ -120.816559901591177, 37.368669974043321 ], [ -120.816596129438366, 37.368668415954751 ], [ -120.816596904744628, 37.368537195208354 ] ] ] } },
{ "type": "Feature", "properties": { "OBJECTID": 1462, "Block_ID": "010", "PBLK_N": 101570.0, "Property": "LIVINGSTON RANCHES", "Shape_STAr": 152546.73337599999, "Shape_STLe": 2221.0405678900001, "Block_Cult": "CHARDONNAY", "Block_Trel": "4-WIRE VERTICAL W/O", "Plany_Year": 1993.0, "SP": 6.0, "RW": 10.0, "Acerage": 38.49 }, "geometry": { "type": "Polygon", "coordinates": [ [ [ -120.845643471343735, 37.370769231134837 ], [ -120.843663988623632, 37.370493294282262 ], [ -120.840610363721709, 37.370404381204345 ], [ -120.839067589451446, 37.371534555508653 ], [ -120.837060714121591, 37.371514331134229 ], [ -120.836925761756731, 37.371350529169057 ], [ -120.836837710342508, 37.371132185816755 ], [ -120.836601371387246, 37.370904123159484 ], [ -120.83626323262358, 37.370474190293848 ], [ -120.836228423665332, 37.370324107430577 ], [ -120.836289457473526, 37.369911262574405 ], [ -120.836770732938561, 37.369608332808198 ], [ -120.837276106677109, 37.369395602929934 ], [ -120.837620499149608, 37.369253948760104 ], [ -120.837942132385464, 37.369094092401788 ], [ -120.838080422108519, 37.368968666671634 ], [ -120.838502203400338, 37.368971300655637 ], [ -120.83899072394513, 37.369013523317534 ], [ -120.839470778695258, 37.368891239045212 ], [ -120.839858410646514, 37.368876658877987 ], [ -120.840088657032609, 37.36873384435799 ], [ -120.840476140474991, 37.368755437798633 ], [ -120.840866430920585, 37.368613946137827 ], [ -120.841406293196286, 37.368606573049625 ], [ -120.842094409645497, 37.368716323932041 ], [ -120.842637820185502, 37.368884492560376 ], [ -120.843268623056929, 37.36927058391224 ], [ -120.84361235271254, 37.369561350446837 ], [ -120.843886920890256, 37.369734356247399 ], [ -120.844248597258883, 37.369940650980922 ], [ -120.8446517669082, 37.370044353047263 ], [ -120.844972830486142, 37.37006459443878 ], [ -120.845471690170228, 37.370106361941758 ], [ -120.846041598064133, 37.370002815767698 ], [ -120.846061830309822, 37.370771175411562 ], [ -120.845643471343735, 37.370769231134837 ] ], [ [ -120.840059868679347, 37.370642280858036 ], [ -120.840058112487199, 37.370626133388186 ], [ -120.840054460666394, 37.370618783157404 ], [ -120.840034338952492, 37.370584959895616 ], [ -120.840028823394462, 37.370580538465589 ], [ -120.840006806078904, 37.370555513337287 ], [ -120.839835101364486, 37.370551971739829 ], [ -120.839784795167532, 37.370632503865131 ], [ -120.839746003472158, 37.370635301550919 ], [ -120.839741980958536, 37.370693985928852 ], [ -120.839754873562129, 37.370699900933452 ], [ -120.83975106629741, 37.370720431869159 ], [ -120.839752895900375, 37.370723373324068 ], [ -120.839784138055975, 37.370749898828514 ], [ -120.83979149916658, 37.370754327055806 ], [ -120.839806238469777, 37.37076024883288 ], [ -120.8398099221602, 37.370761728834999 ], [ -120.839846835348766, 37.370764794587359 ], [ -120.839850520180974, 37.370766275479852 ], [ -120.839865275437475, 37.370769262581277 ], [ -120.83987266103918, 37.370769288797149 ], [ -120.839907736076, 37.370770879516172 ], [ -120.839916968363553, 37.370770912505591 ], [ -120.839918815049188, 37.370770919281703 ], [ -120.839963162797275, 37.370765206298231 ], [ -120.839970556925124, 37.370763764270393 ], [ -120.839977951062721, 37.370762323141655 ], [ -120.839998302729555, 37.37075505830947 ], [ -120.840007568017541, 37.370749221047731 ], [ -120.840016833304134, 37.370743383785268 ], [ -120.840022380753823, 37.370741935879153 ], [ -120.840033558733865, 37.370724365801109 ], [ -120.840037292507375, 37.370717041775329 ], [ -120.840041026280204, 37.370709717749484 ], [ -120.840054049804095, 37.370692154451568 ], [ -120.840055929486368, 37.370686290981411 ], [ -120.840057809168357, 37.370680427511161 ], [ -120.840059827146419, 37.37064961844041 ], [ -120.840059868679347, 37.370642280858036 ] ], [ [ -120.84089236861314, 37.369654488159895 ], [ -120.840889270726166, 37.369707882606214 ], [ -120.841060025800743, 37.369715160093797 ], [ -120.841063137204699, 37.369659540789385 ], [ -120.84089236861314, 37.369654488159895 ] ] ] } },
{ "type": "Feature", "properties": { "OBJECTID": 1463, "Block_ID": "176", "PBLK_N": 101572.0, "Property": "LIVINGSTON RANCHES", "Shape_STAr": 66680.075769400006, "Shape_STLe": 1123.2128912400001, "Block_Cult": "CHARDONNAY", "Block_Trel": "4-WIRE VERTICAL W/O", "Plany_Year": 1994.0, "SP": 7.0, "RW": 11.0, "Acerage": 16.08 }, "geometry": { "type": "Polygon", "coordinates": [ [ [ -120.77800176835234, 37.36393644596339 ], [ -120.778001254073786, 37.363998732335141 ], [ -120.777036496369561, 37.363993695821435 ], [ -120.777034787000161, 37.363929618433083 ], [ -120.776945209538255, 37.363930930315838 ], [ -120.77694915773688, 37.363995019196174 ], [ -120.776074728422174, 37.363990195555743 ], [ -120.776101114643694, 37.360602147856909 ], [ -120.776095963278081, 37.360595871510888 ], [ -120.778112056918943, 37.360612938316578 ], [ -120.778071178955102, 37.363936807809111 ], [ -120.77800176835234, 37.36393644596339 ] ] ] } },
{ "type": "Feature", "properties": { "OBJECTID": 1464, "Block_ID": "163", "PBLK_N": 101560.0, "Property": "LIVINGSTON RANCHES", "Shape_STAr": 43966.568174799999, "Shape_STLe": 1359.07640388, "Block_Cult": "CHARDONNAY", "Block_Trel": "LIV. DIVIDED CANOPY", "Plany_Year": 1995.0, "SP": 4.0, "RW": 12.0, "Acerage": 10.8 }, "geometry": { "type": "MultiPolygon", "coordinates": [ [ [ [ -120.85966372476048, 37.357537076300083 ], [ -120.859616208760073, 37.357764804010067 ], [ -120.858715056415221, 37.358107192121544 ], [ -120.858771394733921, 37.358248772515736 ], [ -120.858431998638849, 37.358388556298486 ], [ -120.85762106252092, 37.358699433477604 ], [ -120.856729725675265, 37.35902361734756 ], [ -120.856552325199956, 37.358968103250781 ], [ -120.856420709294255, 37.358926473838437 ], [ -120.856249504608101, 37.358807163070125 ], [ -120.856124314878969, 37.358669826780904 ], [ -120.85591863268661, 37.358559476098989 ], [ -120.855701216762242, 37.358485543253153 ], [ -120.855426842304837, 37.358356642741128 ], [ -120.859675892037217, 37.356769243725914 ], [ -120.859694100797967, 37.357300153045784 ], [ -120.85966372476048, 37.357537076300083 ] ] ], [ [ [ -120.858823024790482, 37.358677112522159 ], [ -120.857654538420476, 37.359109367875995 ], [ -120.857358411426318, 37.35910290314451 ], [ -120.857117175787053, 37.359073658442149 ], [ -120.856982118205664, 37.359052572976601 ], [ -120.85739209528073, 37.35889579094728 ], [ -120.858082890126539, 37.358635370489424 ], [ -120.858773740909569, 37.358367268204638 ], [ -120.858789212060486, 37.358454339058987 ], [ -120.858808122583085, 37.358510719707446 ], [ -120.858884574744224, 37.358623655043132 ], [ -120.858823024790482, 37.358677112522159 ] ] ] ] } },
{ "type": "Feature", "properties": { "OBJECTID": 1465, "Block_ID": "177", "PBLK_N": 101636.0, "Property": "LIVINGSTON RANCHES", "Shape_STAr": 185991.757568, "Shape_STLe": 3481.1167737699998, "Block_Cult": "CHARDONNAY", "Block_Trel": "4-WIRE VERTICAL W/O", "Plany_Year": 1993.0, "SP": 6.0, "RW": 10.0, "Acerage": 46.05 }, "geometry": { "type": "MultiPolygon", "coordinates": [ [ [ [ -120.854270481014581, 37.367634838091078 ], [ -120.854233825438953, 37.367634670842605 ], [ -120.854225917094524, 37.367714265658599 ], [ -120.854215974258437, 37.367737527343053 ], [ -120.85416376915515, 37.367859648959069 ], [ -120.854003167078446, 37.368101694021703 ], [ -120.85255142595625, 37.368083388486134 ], [ -120.851527568606642, 37.368068975158899 ], [ -120.85148060916552, 37.368047162964558 ], [ -120.851331678460411, 37.364382784755591 ], [ -120.851287614001436, 37.363013751123411 ], [ -120.852720905072587, 37.363935870610099 ], [ -120.853164582507304, 37.364222407711338 ], [ -120.853514235773332, 37.364436043903609 ], [ -120.853761718243319, 37.364654278622666 ], [ -120.853795097356766, 37.364692066427885 ], [ -120.853819258821758, 37.364764112152223 ], [ -120.853821953989979, 37.36477066366961 ], [ -120.853862697729539, 37.364825346638789 ], [ -120.853909226981102, 37.364838638872506 ], [ -120.854200374546323, 37.365158791759278 ], [ -120.854300243013157, 37.367574764897086 ], [ -120.854270481014581, 37.367634838091078 ] ], [ [ -120.853732959080801, 37.364886509424764 ], [ -120.853686861308972, 37.364852395910845 ], [ -120.853637081324081, 37.364840907227112 ], [ -120.853633505084957, 37.364843725268649 ], [ -120.853583633424137, 37.364849213959644 ], [ -120.853569392566229, 37.364849164833835 ], [ -120.853526593774205, 37.364863166324987 ], [ -120.853522987712481, 37.364871643190256 ], [ -120.853508625335365, 37.364894231180607 ], [ -120.85350859438617, 37.364899890015778 ], [ -120.853501275060765, 37.364936649659718 ], [ -120.853508241892598, 37.364964969293759 ], [ -120.853522237468397, 37.365010290890254 ], [ -120.853518631399112, 37.36501876775521 ], [ -120.853500630829274, 37.3650554905524 ], [ -120.853503930838912, 37.365103605611772 ], [ -120.853461193785861, 37.365106288509473 ], [ -120.853450512540803, 37.365106251658297 ], [ -120.853418379349833, 37.365123119378666 ], [ -120.853411244557648, 37.365125925115002 ], [ -120.853382655533139, 37.365145634533498 ], [ -120.853368184702418, 37.365188028427951 ], [ -120.853399781880768, 37.365270194787904 ], [ -120.853406687932122, 37.365309832987379 ], [ -120.853385311045926, 37.365312589583198 ], [ -120.853335330698926, 37.365337884990979 ], [ -120.853331771026816, 37.365337872698262 ], [ -120.853292349204864, 37.365385841179801 ], [ -120.853298885920552, 37.365493388082243 ], [ -120.853348575671689, 37.365521854293092 ], [ -120.85335569616403, 37.365521878869423 ], [ -120.853369936007965, 37.365521927129322 ], [ -120.85343044414013, 37.36552496452547 ], [ -120.85344824479634, 37.365525025057735 ], [ -120.853498163339196, 37.365511048172088 ], [ -120.853519692738871, 37.36547999560019 ], [ -120.853523283366073, 37.365474349052725 ], [ -120.853530603863518, 37.365437589402404 ], [ -120.853530802742213, 37.365400805194078 ], [ -120.853530833689945, 37.365395146359411 ], [ -120.853523758491022, 37.365386632650043 ], [ -120.853523973977644, 37.365347019015999 ], [ -120.85357056252046, 37.365290586768779 ], [ -120.853574153134858, 37.365284940219638 ], [ -120.85359585035259, 37.36522276315786 ], [ -120.853578493883205, 37.365140645076195 ], [ -120.853557577792657, 37.365058514704955 ], [ -120.853596724213688, 37.365061478322794 ], [ -120.853707272771388, 37.365027901498557 ], [ -120.853746832192584, 37.364954467227491 ], [ -120.853732959080801, 37.364886509424764 ] ], [ [ -120.851786493629547, 37.366286283473301 ], [ -120.851673560872285, 37.366285895974293 ], [ -120.851686749187124, 37.366456479462443 ], [ -120.851788412972979, 37.366452341447037 ], [ -120.851786493629547, 37.366286283473301 ] ] ], [ [ [ -120.855498004554192, 37.36274763170745 ], [ -120.8554911793142, 37.363007108025627 ], [ -120.855464204552959, 37.36308568926394 ], [ -120.855464195684405, 37.363087000975042 ], [ -120.855438890641381, 37.363162966715826 ], [ -120.855415614973865, 37.363186471777468 ], [ -120.855413955197633, 37.363187775548433 ], [ -120.855360879093467, 37.363224262847361 ], [ -120.855357569538441, 37.363225558668553 ], [ -120.855296212244156, 37.363265943165814 ], [ -120.855191615123431, 37.363352040037533 ], [ -120.855101890301711, 37.36343558222093 ], [ -120.854680534424276, 37.363844684151879 ], [ -120.854462912225372, 37.364040451405607 ], [ -120.854227336887064, 37.364208588253078 ], [ -120.854074570383574, 37.3642997110435 ], [ -120.853932829767189, 37.364362027032783 ], [ -120.853886647430841, 37.364357879666578 ], [ -120.853848726385849, 37.364352459497816 ], [ -120.852711752089917, 37.363634512806705 ], [ -120.852715443237614, 37.363580748449913 ], [ -120.8526758438706, 37.36357925507015 ], [ -120.852664729357102, 37.36351886389857 ], [ -120.852641644646226, 37.363516135003735 ], [ -120.852631742586226, 37.363516089806495 ], [ -120.852603648234577, 37.363521207257165 ], [ -120.852585323175333, 37.363544734810333 ], [ -120.852465930220276, 37.363478107563047 ], [ -120.851273988454977, 37.362709510389656 ], [ -120.851262499099249, 37.362571507888759 ], [ -120.851307537775654, 37.362544460190691 ], [ -120.851474121283118, 37.362488621573426 ], [ -120.851584933241, 37.362484938300362 ], [ -120.851743344435761, 37.36246470172577 ], [ -120.852202505296674, 37.362397626617231 ], [ -120.853161552701849, 37.362337032963765 ], [ -120.853759171340059, 37.362348158536527 ], [ -120.854062357144628, 37.362385186810542 ], [ -120.854143987682718, 37.362404428439724 ], [ -120.854457486324861, 37.362458275768851 ], [ -120.854705029067333, 37.362513916034025 ], [ -120.854710242977163, 37.362522326076324 ], [ -120.854718065529724, 37.362534940227647 ], [ -120.85473110199932, 37.362555964419741 ], [ -120.854733708391691, 37.362560169444414 ], [ -120.854736285413367, 37.362568567813213 ], [ -120.854754643146407, 37.36258332665561 ], [ -120.854754628456348, 37.362585422877906 ], [ -120.854804743112155, 37.362585651730761 ], [ -120.854844382474681, 37.362575350980947 ], [ -120.854852311248337, 37.362573290643041 ], [ -120.854881445918934, 37.362556651844237 ], [ -120.85488673666498, 37.362554579843099 ], [ -120.854921253548611, 37.362523289875419 ], [ -120.855111692859737, 37.362450783138485 ], [ -120.855376091221387, 37.362363937812496 ], [ -120.855497242247267, 37.362351020334721 ], [ -120.855521939889215, 37.362398584106366 ], [ -120.855534350615002, 37.36274255058396 ], [ -120.855498004554192, 37.36274763170745 ] ], [ [ -120.854317209239056, 37.363553477916923 ], [ -120.854254747403729, 37.363546923075944 ], [ -120.854242914834487, 37.363568608699325 ], [ -120.854213584105949, 37.363576268725922 ], [ -120.854193832968974, 37.363618102341462 ], [ -120.85419358112712, 37.363664658624415 ], [ -120.854214916324807, 37.36369111376564 ], [ -120.854216869126077, 37.363691120457851 ], [ -120.854269536254321, 37.363700611731396 ], [ -120.854347065053872, 37.363677934214664 ], [ -120.854317209239056, 37.363553477916923 ] ] ], [ [ [ -120.853782193357929, 37.368317488673192 ], [ -120.853582815048441, 37.368474128430513 ], [ -120.853578745379181, 37.368477325143552 ], [ -120.853050063225567, 37.368854312828802 ], [ -120.852000523584351, 37.369643683555267 ], [ -120.852000499973684, 37.369646898965215 ], [ -120.851846063442181, 37.369742650211087 ], [ -120.851833879886414, 37.369749024743847 ], [ -120.851777123001995, 37.369764840922031 ], [ -120.851574043832855, 37.369873230084657 ], [ -120.851533750661886, 37.369850537224401 ], [ -120.851481586957647, 37.368123661458682 ], [ -120.853896566828226, 37.368166890518744 ], [ -120.853912608944512, 37.36818625594131 ], [ -120.853782193357929, 37.368317488673192 ] ] ] ] } },
{ "type": "Feature", "properties": { "OBJECTID": 1466, "Block_ID": "111", "PBLK_N": 101626.0, "Property": "LIVINGSTON RANCHES", "Shape_STAr": 128054.572872, "Shape_STLe": 1603.3718165299999, "Block_Cult": "CHARDONNAY", "Block_Trel": "LIV. DIVIDED CANOPY", "Plany_Year": 1995.0, "SP": 4.0, "RW": 10.0, "Acerage": 31.11 }, "geometry": { "type": "Polygon", "coordinates": [ [ [ -120.802467742648602, 37.386526333330387 ], [ -120.802373381678933, 37.386592084377462 ], [ -120.802120821069536, 37.386801544531771 ], [ -120.801942020316474, 37.386997812567685 ], [ -120.801681930399056, 37.387391998616849 ], [ -120.800729121057131, 37.388934802682371 ], [ -120.800451518560891, 37.389180824796604 ], [ -120.800087520520606, 37.389445783669068 ], [ -120.800033285131022, 37.389488436688232 ], [ -120.799945987873443, 37.389539069822376 ], [ -120.799862197940911, 37.389577968197706 ], [ -120.7994261808593, 37.389741922938491 ], [ -120.798517696112128, 37.389677201943947 ], [ -120.798505102028386, 37.389653437578829 ], [ -120.7982197540355, 37.389631683518928 ], [ -120.798132930633543, 37.389595881859741 ], [ -120.798100875705543, 37.389592788609711 ], [ -120.798061891790653, 37.38958403549865 ], [ -120.797884073441494, 37.389522758576653 ], [ -120.797745221459209, 37.389522335798929 ], [ -120.797298200487987, 37.389375974743267 ], [ -120.797086050115254, 37.389319486404574 ], [ -120.79698253382422, 37.389258306811897 ], [ -120.7968482949384, 37.38913105355627 ], [ -120.796777355850281, 37.389035887247374 ], [ -120.796724347064711, 37.388932934553985 ], [ -120.796926186257224, 37.387072957498219 ], [ -120.797273183136113, 37.386872186035724 ], [ -120.797381689352747, 37.386802172930089 ], [ -120.797741565145046, 37.38665870023582 ], [ -120.798071669977816, 37.386595534517106 ], [ -120.798486032902318, 37.386577504713685 ], [ -120.798673471613583, 37.386585221669371 ], [ -120.79866521902575, 37.386551321070215 ], [ -120.799082572210054, 37.386583897580614 ], [ -120.799095598538202, 37.386553490591851 ], [ -120.799491671661187, 37.386582572095364 ], [ -120.799492775041585, 37.386546679126532 ], [ -120.799629080084301, 37.386554137499395 ], [ -120.79963369194941, 37.386510144265031 ], [ -120.800506832397829, 37.38656532590803 ], [ -120.800507048173515, 37.386538239803713 ], [ -120.800958517463329, 37.38656759480979 ], [ -120.800963020187041, 37.386537145030218 ], [ -120.801376138510676, 37.386566305450465 ], [ -120.801393479473504, 37.386529147285721 ], [ -120.801521234472986, 37.386539946368025 ], [ -120.801589017671816, 37.386517487805563 ], [ -120.802065414701119, 37.386440647948604 ], [ -120.802471993534056, 37.386474401517745 ], [ -120.802467742648602, 37.386526333330387 ] ], [ [ -120.798261985809674, 37.388819385114758 ], [ -120.798032239175797, 37.388805341278562 ], [ -120.798001309720732, 37.388900121930028 ], [ -120.798275239222662, 37.388928207973059 ], [ -120.798261985809674, 37.388819385114758 ] ], [ [ -120.799541094697389, 37.386840819984599 ], [ -120.799368897845937, 37.386822599946882 ], [ -120.799359459156804, 37.386920856913086 ], [ -120.799584650102702, 37.386942792236503 ], [ -120.799589649996037, 37.386848028537564 ], [ -120.799541094697389, 37.386840819984599 ] ] ] } },
{ "type": "Feature", "properties": { "OBJECTID": 1467, "Block_ID": "011", "PBLK_N": 101631.0, "Property": "LIVINGSTON RANCHES", "Shape_STAr": 370554.99671799998, "Shape_STLe": 3754.9127813300001, "Block_Cult": "CHARDONNAY", "Block_Trel": "4-WIRE VERTICAL W/O", "Plany_Year": 1993.0, "SP": 6.0, "RW": 10.0, "Acerage": 91.46 }, "geometry": { "type": "MultiPolygon", "coordinates": [ [ [ [ -120.80377829517667, 37.386242236606947 ], [ -120.803508767432348, 37.386228384355768 ], [ -120.803280425774275, 37.3862460004027 ], [ -120.802944638721954, 37.386287074881835 ], [ -120.802634460209603, 37.386282769499466 ], [ -120.801767396824985, 37.386188402403768 ], [ -120.800339331557055, 37.38617706391463 ], [ -120.800287171075482, 37.386139287625824 ], [ -120.800169024647488, 37.386153282635682 ], [ -120.800150514243327, 37.38617194702541 ], [ -120.799547260763916, 37.386166828035869 ], [ -120.79954796343948, 37.38608567911146 ], [ -120.799452806737733, 37.386085200053387 ], [ -120.799452139782488, 37.386168767796839 ], [ -120.798325373308742, 37.386151151292438 ], [ -120.797654656999654, 37.386288847306446 ], [ -120.797425407838773, 37.386374369985077 ], [ -120.797045782874534, 37.386485767653703 ], [ -120.796950097472092, 37.386480683211921 ], [ -120.796949417607834, 37.386524336977438 ], [ -120.796097920317848, 37.386529543985596 ], [ -120.796112028935752, 37.385270632141157 ], [ -120.796145417342245, 37.385270801362523 ], [ -120.796146283414188, 37.385162788934444 ], [ -120.796112895055501, 37.385162619713356 ], [ -120.796141283234832, 37.382265501800958 ], [ -120.796215616816127, 37.382183250184312 ], [ -120.796524250691277, 37.382186124206626 ], [ -120.796523789163587, 37.38224383029916 ], [ -120.796589808895675, 37.382244164547785 ], [ -120.796590228522319, 37.382191704380965 ], [ -120.797128239923225, 37.382200982684026 ], [ -120.797127551658008, 37.38227967198457 ], [ -120.797203474782009, 37.382280055710233 ], [ -120.797205744444071, 37.382202685460257 ], [ -120.798331365647542, 37.382210991739669 ], [ -120.798333467095787, 37.38233428770338 ], [ -120.79841282442888, 37.382335999775911 ], [ -120.798412199852464, 37.382207464465566 ], [ -120.798501348616568, 37.382205291128578 ], [ -120.798503602670181, 37.382336457688126 ], [ -120.798513557614527, 37.382329949761434 ], [ -120.798536727290625, 37.382322197295977 ], [ -120.798573132544831, 37.382310576870971 ], [ -120.79858483321344, 37.382292274102369 ], [ -120.798582212360941, 37.382207010987557 ], [ -120.799166908764676, 37.382216515151043 ], [ -120.799166280302259, 37.382295204076485 ], [ -120.799233951409889, 37.382295545579929 ], [ -120.799234578661256, 37.382216855762174 ], [ -120.800398469180607, 37.382230581353298 ], [ -120.800396762969044, 37.382257048653543 ], [ -120.800398449020904, 37.382290912288269 ], [ -120.800419738464313, 37.382312003804003 ], [ -120.800448787909559, 37.382311498351214 ], [ -120.800482983292966, 37.382299165293844 ], [ -120.800483497476534, 37.382234558774677 ], [ -120.800629999152335, 37.382231744954048 ], [ -120.800637843881802, 37.382285354222105 ], [ -120.800669168068211, 37.382304269591501 ], [ -120.800671790942317, 37.382304282558934 ], [ -120.800716362389906, 37.382306591115722 ], [ -120.800747984951798, 37.382287992363416 ], [ -120.800748382383077, 37.382237974763541 ], [ -120.801318575490058, 37.382245004611228 ], [ -120.801320553299561, 37.382326296615673 ], [ -120.801388729544115, 37.382328723302876 ], [ -120.801392832084275, 37.382472551170366 ], [ -120.801426845761227, 37.38248314212408 ], [ -120.801419688559889, 37.38371389065761 ], [ -120.80402427969193, 37.383757234425822 ], [ -120.803992009864047, 37.386275300837944 ], [ -120.80377829517667, 37.386242236606947 ] ] ], [ [ [ -120.806887489149005, 37.38528496553996 ], [ -120.806858154889341, 37.385467514051413 ], [ -120.806833957872072, 37.385467421455054 ], [ -120.806829611403572, 37.386186885546742 ], [ -120.806731638160784, 37.386381990301189 ], [ -120.806585345222445, 37.386564094172186 ], [ -120.806354316593328, 37.386752283946947 ], [ -120.80614411268391, 37.386831596123038 ], [ -120.805792942735792, 37.38687832427091 ], [ -120.805377319231766, 37.386911988190889 ], [ -120.805107235977545, 37.386888523723222 ], [ -120.804664389904417, 37.386755441239387 ], [ -120.804649114219544, 37.386614379703722 ], [ -120.804501766137847, 37.386613811676078 ], [ -120.804397801794067, 37.38646600152645 ], [ -120.804333292294046, 37.386462549623424 ], [ -120.804084194992313, 37.386304570459217 ], [ -120.804050496004379, 37.386279987343265 ], [ -120.804080823443996, 37.383744558865018 ], [ -120.804371077267476, 37.383764900053826 ], [ -120.80449660311119, 37.383682062956666 ], [ -120.804488751970283, 37.383646782711921 ], [ -120.805121956295324, 37.383642799558807 ], [ -120.805120954058509, 37.383142881824 ], [ -120.807130026892949, 37.383189009290987 ], [ -120.807121004807783, 37.384683396883588 ], [ -120.806887489149005, 37.38528496553996 ] ] ] ] } },
{ "type": "Feature", "properties": { "OBJECTID": 1468, "Block_ID": "090", "PBLK_N": 101633.0, "Property": "LIVINGSTON RANCHES", "Shape_STAr": 203170.487264, "Shape_STLe": 2131.2496632699999, "Block_Cult": "CHARDONNAY", "Block_Trel": "VERTICAL", "Plany_Year": 1993.0, "SP": 6.0, "RW": 11.0, "Acerage": 49.94 }, "geometry": { "type": "Polygon", "coordinates": [ [ [ -120.787072369626571, 37.369978489018763 ], [ -120.787064987445447, 37.370089201142825 ], [ -120.782219635982585, 37.370077076041667 ], [ -120.782223912351739, 37.36995089509626 ], [ -120.782094285163879, 37.369950223745022 ], [ -120.782096533330758, 37.370071287142231 ], [ -120.778155450116145, 37.370061104031564 ], [ -120.778193742670354, 37.367778090986299 ], [ -120.783068900194408, 37.367768655175389 ], [ -120.783094972872789, 37.367750761438948 ], [ -120.787129455079864, 37.367742225199081 ], [ -120.787120487975557, 37.368844192733782 ], [ -120.7870783598554, 37.368843976200409 ], [ -120.787079818959953, 37.369062906658549 ], [ -120.787118707354011, 37.369063106807218 ], [ -120.78709503276778, 37.369981181216815 ], [ -120.787072369626571, 37.369978489018763 ] ] ] } },
{ "type": "Feature", "properties": { "OBJECTID": 1469, "Block_ID": "015", "PBLK_N": 101647.0, "Property": "LIVINGSTON RANCHES", "Shape_STAr": 163239.28138900001, "Shape_STLe": 2431.5587917100002, "Block_Cult": "MALVASIA BIANCA", "Block_Trel": "QUAD", "Plany_Year": 1985.0, "SP": 7.0, "RW": 12.0, "Acerage": 40.49 }, "geometry": { "type": "MultiPolygon", "coordinates": [ [ [ [ -120.818247514047869, 37.377424457494484 ], [ -120.816611687779755, 37.377429440102716 ], [ -120.816337491350978, 37.377420314437224 ], [ -120.815520433009254, 37.3774189090989 ], [ -120.814130946151622, 37.377409499796464 ], [ -120.814142397007529, 37.376776475425345 ], [ -120.814147646405914, 37.375262157751905 ], [ -120.814186804708868, 37.375264945336419 ], [ -120.814188336678271, 37.375067764260336 ], [ -120.815611777321649, 37.375077341467374 ], [ -120.817797382197497, 37.375085433635427 ], [ -120.818611117397552, 37.375089401827324 ], [ -120.818593614576244, 37.377423549888903 ], [ -120.818247514047869, 37.377424457494484 ] ] ], [ [ [ -120.818109521739842, 37.378756146176947 ], [ -120.817745640996776, 37.378811453540933 ], [ -120.817363274300774, 37.378856287296919 ], [ -120.817049814248008, 37.37885734986245 ], [ -120.817047432809957, 37.378743177079301 ], [ -120.816789499130877, 37.378741916026293 ], [ -120.816798209725604, 37.378882065917701 ], [ -120.816021561348677, 37.378883455547843 ], [ -120.816025128072724, 37.378844554242825 ], [ -120.815969644319878, 37.378841688302515 ], [ -120.815969322165202, 37.378883199667399 ], [ -120.814126685356172, 37.378879353925591 ], [ -120.814133340162684, 37.377604030702649 ], [ -120.814166049685554, 37.37759640792077 ], [ -120.814173541105248, 37.377450090051603 ], [ -120.818553130983432, 37.377463614355889 ], [ -120.818595174715057, 37.377515711121092 ], [ -120.818566192289182, 37.378732426477399 ], [ -120.818109521739842, 37.378756146176947 ] ] ] ] } },
{ "type": "Feature", "properties": { "OBJECTID": 1470, "Block_ID": "003", "PBLK_N": 101650.0, "Property": "LIVINGSTON RANCHES", "Shape_STAr": 579964.92527899996, "Shape_STLe": 6703.7749381699996, "Block_Cult": "MALVASIA BIANCA", "Block_Trel": "4-WIRE VERTICAL W/O", "Plany_Year": 1991.0, "SP": 7.0, "RW": 12.0, "Acerage": 143.28 }, "geometry": { "type": "MultiPolygon", "coordinates": [ [ [ [ -120.805108523546409, 37.371255133870321 ], [ -120.805115528874225, 37.37070575149955 ], [ -120.805164519041895, 37.370705996266821 ], [ -120.805206738387056, 37.368461143206289 ], [ -120.805150752101952, 37.368460863870482 ], [ -120.805170069404639, 37.367787091806875 ], [ -120.80963779893473, 37.367846016091946 ], [ -120.809625462757083, 37.368527320082741 ], [ -120.809468003766966, 37.368525829451173 ], [ -120.809470740173396, 37.368623180844835 ], [ -120.809610699829406, 37.368625016167783 ], [ -120.809595101499454, 37.369275712996661 ], [ -120.809542350799575, 37.369308824588231 ], [ -120.809517769188687, 37.369319827453303 ], [ -120.809524441105324, 37.369361576504531 ], [ -120.809569844037838, 37.36937292529705 ], [ -120.809590512460048, 37.36941474388842 ], [ -120.809578414921987, 37.370065458232673 ], [ -120.809525664793128, 37.370098569805094 ], [ -120.80951151528285, 37.370117968087591 ], [ -120.809539029828485, 37.370179287938917 ], [ -120.809573741552384, 37.370215181617446 ], [ -120.809551842837649, 37.370776852786271 ], [ -120.809502177799857, 37.370862821018093 ], [ -120.809508849844349, 37.370904570060162 ], [ -120.809543559747382, 37.370940896473371 ], [ -120.809578486822602, 37.370949412468896 ], [ -120.809599504685664, 37.370946735465523 ], [ -120.809607227546749, 37.371300754787413 ], [ -120.805108523546409, 37.371255133870321 ] ] ], [ [ [ -120.800504371798084, 37.371098910356793 ], [ -120.80050355606609, 37.371201473782172 ], [ -120.796373015687664, 37.371161408795238 ], [ -120.796379510394189, 37.370350516263052 ], [ -120.796397638642759, 37.369094768906884 ], [ -120.796428548463865, 37.367753890729226 ], [ -120.796473191790597, 37.367718859100044 ], [ -120.798441102654976, 37.367741625017459 ], [ -120.798440615391613, 37.367802521464782 ], [ -120.79875918325277, 37.36780733249342 ], [ -120.798759643134332, 37.367749640657664 ], [ -120.800793250440847, 37.367772696538232 ], [ -120.800777159170408, 37.369288687724655 ], [ -120.800598819701804, 37.369399974637084 ], [ -120.800517880572698, 37.369434825214199 ], [ -120.800428774769586, 37.369482455651458 ], [ -120.800428060366627, 37.369572198899348 ], [ -120.800553079997229, 37.369572827280841 ], [ -120.800558490649678, 37.369634710571148 ], [ -120.800766867894282, 37.369645600192413 ], [ -120.80075950535786, 37.370052367642487 ], [ -120.800753889087389, 37.370498900728272 ], [ -120.800744948641992, 37.371103862190296 ], [ -120.800504371798084, 37.371098910356793 ] ], [ [ -120.798746489320223, 37.370009442405035 ], [ -120.798746504676572, 37.37000704842567 ], [ -120.798439361046164, 37.370001069527085 ], [ -120.798444124550514, 37.37004257285043 ], [ -120.798469196796844, 37.370046660042711 ], [ -120.798468005813106, 37.370076971564366 ], [ -120.798712931050758, 37.370079517960335 ], [ -120.798714111688327, 37.370050801522964 ], [ -120.798746239455383, 37.370050129183412 ], [ -120.798746489320223, 37.370009442405035 ] ], [ [ -120.798738845512105, 37.370928321097047 ], [ -120.798446702915697, 37.37092224614652 ], [ -120.798441706533211, 37.370976572298176 ], [ -120.798460226038671, 37.370997641351352 ], [ -120.79870579198284, 37.370996124425133 ], [ -120.798702827151203, 37.370972645447239 ], [ -120.798738587988467, 37.370970314162193 ], [ -120.798738845512105, 37.370928321097047 ] ], [ [ -120.798932205551026, 37.36944464870912 ], [ -120.798903880493597, 37.369444538131226 ], [ -120.79890293713062, 37.369406077799198 ], [ -120.798690476900617, 37.369409005193198 ], [ -120.798695893388668, 37.369487816583309 ], [ -120.798933104028279, 37.369490613033982 ], [ -120.798932205551026, 37.36944464870912 ] ], [ [ -120.798688674588334, 37.368987851505423 ], [ -120.798477601279743, 37.368978760265719 ], [ -120.798484839335813, 37.369010693096953 ], [ -120.798431299468348, 37.369012848360441 ], [ -120.798435483914972, 37.36905776691151 ], [ -120.798694164880629, 37.369062316363554 ], [ -120.798688674588334, 37.368987851505423 ] ], [ [ -120.798719622458336, 37.3680651036358 ], [ -120.798691396090462, 37.368061449663152 ], [ -120.798688582129799, 37.368035441744006 ], [ -120.798478982817556, 37.368028720127334 ], [ -120.798483000379065, 37.368100816288923 ], [ -120.798719361660815, 37.368107641908445 ], [ -120.798719622458336, 37.3680651036358 ] ], [ [ -120.798726458025769, 37.369507632669382 ], [ -120.798460910456171, 37.369506600901445 ], [ -120.798469977220023, 37.369567605144134 ], [ -120.798728443723817, 37.369568608786587 ], [ -120.798726458025769, 37.369507632669382 ] ], [ [ -120.799752416146177, 37.369453456308129 ], [ -120.799517559745425, 37.36945160828256 ], [ -120.799520830405712, 37.369495706181006 ], [ -120.799572759325073, 37.369495907436239 ], [ -120.799571388959549, 37.369526855306596 ], [ -120.799690561666608, 37.369532006606526 ], [ -120.799689594353012, 37.369497297835849 ], [ -120.799753325765238, 37.369497544857019 ], [ -120.799752416146177, 37.369453456308129 ] ] ], [ [ [ -120.813951150436637, 37.371347296471498 ], [ -120.809672332344519, 37.371309859197602 ], [ -120.809680271326101, 37.370833269629038 ], [ -120.809815948145356, 37.3708339409459 ], [ -120.809816588635186, 37.370752255048103 ], [ -120.809685022660787, 37.37075160438188 ], [ -120.809742835620753, 37.367854255389688 ], [ -120.810597347961476, 37.367865014989022 ], [ -120.813283231947395, 37.367888063764248 ], [ -120.813275710993551, 37.368325880311296 ], [ -120.813995208684858, 37.368326149590587 ], [ -120.813984371673072, 37.37130498101083 ], [ -120.813951150436637, 37.371347296471498 ] ] ], [ [ [ -120.800814600599438, 37.371211088012259 ], [ -120.800851897553187, 37.369656045490082 ], [ -120.800903446312049, 37.369588699287 ], [ -120.800928925561848, 37.369529206494157 ], [ -120.800904947047385, 37.369399906669898 ], [ -120.800862153462219, 37.369358140837242 ], [ -120.800850865875987, 37.368822760969479 ], [ -120.800879971381988, 37.367769145011835 ], [ -120.803014434692486, 37.367796315167936 ], [ -120.805050112679581, 37.367810607670883 ], [ -120.805080971743607, 37.367839586338818 ], [ -120.805022928120721, 37.371252827943707 ], [ -120.800814600599438, 37.371211088012259 ] ] ] ] } },
{ "type": "Feature", "properties": { "OBJECTID": 1471, "Block_ID": "018", "PBLK_N": 101669.0, "Property": "LIVINGSTON RANCHES", "Shape_STAr": 720707.12896899995, "Shape_STLe": 6634.3599078099996, "Block_Cult": "CHARDONNAY", "Block_Trel": "LIV. DIVIDED CANOPY", "Plany_Year": 1995.0, "SP": 4.0, "RW": 10.0, "Acerage": 176.83 }, "geometry": { "type": "MultiPolygon", "coordinates": [ [ [ [ -120.786422758101608, 37.390698312536536 ], [ -120.786425839781785, 37.390745108889909 ], [ -120.786396356856045, 37.390750460868979 ], [ -120.78637001165103, 37.390795730395482 ], [ -120.786028974807678, 37.39090715114606 ], [ -120.785285344307468, 37.391152361943718 ], [ -120.784879636081797, 37.39126200854988 ], [ -120.784713021133797, 37.391306554913257 ], [ -120.784679584755196, 37.39131985266846 ], [ -120.784502031668126, 37.391316123825597 ], [ -120.784493148704541, 37.391343596141084 ], [ -120.784166738985647, 37.391336813389117 ], [ -120.78407171944221, 37.391308804697211 ], [ -120.78406483785885, 37.391303266073891 ], [ -120.783583916480154, 37.391170665338024 ], [ -120.783414614377762, 37.391120256487724 ], [ -120.783411150741443, 37.391120238768444 ], [ -120.78287163940864, 37.390918578322079 ], [ -120.782738805239433, 37.39085597407297 ], [ -120.782547217678598, 37.39077793123549 ], [ -120.782142633748819, 37.390612742510925 ], [ -120.782040835686786, 37.390566810549153 ], [ -120.78203394256218, 37.390562646491112 ], [ -120.782030513057933, 37.390558501091654 ], [ -120.781939218914346, 37.390498863825272 ], [ -120.781935767048154, 37.390497469580922 ], [ -120.781742055076862, 37.390328791866686 ], [ -120.781688869385363, 37.390267976085255 ], [ -120.78168888114034, 37.390266600502578 ], [ -120.781646040434538, 37.390211341231918 ], [ -120.781644320388608, 37.390209956314123 ], [ -120.781543257819081, 37.390074592352562 ], [ -120.781539840121653, 37.390069071355974 ], [ -120.78153849215839, 37.390022283316227 ], [ -120.781538503906802, 37.390020906833996 ], [ -120.781546845076818, 37.389637912813043 ], [ -120.781587562671575, 37.389318911746585 ], [ -120.781589339208182, 37.389313417866362 ], [ -120.781589780641468, 37.389259759451896 ], [ -120.781554795678346, 37.389108771367006 ], [ -120.781520520565991, 37.388854048922802 ], [ -120.781490391508882, 37.388305464585379 ], [ -120.781488239611789, 37.388145847132883 ], [ -120.781320427278914, 37.387915200102071 ], [ -120.780951391383269, 37.387453068090117 ], [ -120.780838020646428, 37.387341031009022 ], [ -120.780831139653344, 37.387335491296263 ], [ -120.780825978635761, 37.387331337412775 ], [ -120.780717667873461, 37.387235837016505 ], [ -120.780714216179192, 37.387234442736101 ], [ -120.780608426069762, 37.387172523524363 ], [ -120.780471911636326, 37.38713741680764 ], [ -120.780372135407376, 37.387136897880509 ], [ -120.780294383212421, 37.38711585579685 ], [ -120.78010097445565, 37.387050182547306 ], [ -120.779482428429475, 37.387037334394897 ], [ -120.77902723266601, 37.387037717572674 ], [ -120.779020295098235, 37.387039057454714 ], [ -120.779011637604953, 37.387039012379887 ], [ -120.778862513776957, 37.387063002543663 ], [ -120.7788590396529, 37.38706436026775 ], [ -120.778850370350511, 37.387065690764288 ], [ -120.778777346793831, 37.387101084506433 ], [ -120.77870245655285, 37.387152979375657 ], [ -120.778575469879002, 37.387222488830822 ], [ -120.77857370386171, 37.387226607991721 ], [ -120.778413782025297, 37.387300073877192 ], [ -120.778083712766374, 37.387450847414463 ], [ -120.777731820073285, 37.387449011121049 ], [ -120.777681307045242, 37.387484521792601 ], [ -120.777672649501625, 37.387484476620621 ], [ -120.777627307973617, 37.387522765713499 ], [ -120.777619553959894, 37.387832440004814 ], [ -120.77760258783259, 37.388418558321035 ], [ -120.77760028737535, 37.388487342303755 ], [ -120.777587778793645, 37.388534057945719 ], [ -120.777599456836754, 37.388587779410258 ], [ -120.777601188600713, 37.388587788804088 ], [ -120.777602248615793, 37.388668973592971 ], [ -120.777602226088177, 37.388671724750772 ], [ -120.777565235740411, 37.388747207727228 ], [ -120.777343565666527, 37.389063051398978 ], [ -120.777042669290793, 37.389436287221201 ], [ -120.776850398304376, 37.38965130239125 ], [ -120.77665880970379, 37.389783765394576 ], [ -120.776053867205576, 37.390095686241004 ], [ -120.775641818724935, 37.390082522389712 ], [ -120.775647737906993, 37.389786200653397 ], [ -120.775676982984436, 37.388556546306255 ], [ -120.775697275981997, 37.387571095445914 ], [ -120.775721332164665, 37.386549324227403 ], [ -120.775751317694244, 37.385431245937383 ], [ -120.775916313784322, 37.385430732440199 ], [ -120.776787592767775, 37.385446296448833 ], [ -120.776773355282856, 37.385911280549713 ], [ -120.777539358108172, 37.385926288152241 ], [ -120.777545970943279, 37.385545194765911 ], [ -120.777632549807493, 37.385545646513201 ], [ -120.777631045576086, 37.38551812011692 ], [ -120.777790350864393, 37.385518951887789 ], [ -120.777790555748993, 37.385494186043644 ], [ -120.777845332996037, 37.385494470911112 ], [ -120.778361940212491, 37.38550817222206 ], [ -120.778360380299205, 37.38548064619669 ], [ -120.778575151587006, 37.385481765122293 ], [ -120.77857527718453, 37.385459751704929 ], [ -120.778960355143923, 37.385463132719018 ], [ -120.779694790836302, 37.385484841428244 ], [ -120.780509483333375, 37.385495955248047 ], [ -120.780566569096635, 37.38550313096767 ], [ -120.780575193361997, 37.385507303564843 ], [ -120.780630309323186, 37.38554336429435 ], [ -120.780633750295934, 37.385546134153635 ], [ -120.780666265801557, 37.385593083345157 ], [ -120.780664541076717, 37.38580897447617 ], [ -120.780667517588213, 37.385868154832046 ], [ -120.780715560841628, 37.385922065160941 ], [ -120.780846573959039, 37.385994293224947 ], [ -120.780853488999298, 37.385995705295457 ], [ -120.78089502403212, 37.385998672692509 ], [ -120.780950412680056, 37.386001712138757 ], [ -120.781770792931951, 37.386513000240356 ], [ -120.782135872856173, 37.386761180394238 ], [ -120.782766057544194, 37.386776826988743 ], [ -120.782805565371959, 37.385548206900751 ], [ -120.783158525074654, 37.385545904523724 ], [ -120.784665952917891, 37.385577081242161 ], [ -120.785802444547102, 37.385602201571317 ], [ -120.786706251141965, 37.385616483687592 ], [ -120.786698607539847, 37.385704503619237 ], [ -120.786586055274839, 37.385703924892503 ], [ -120.786581493099831, 37.385838741198782 ], [ -120.786697520623505, 37.385837961969628 ], [ -120.786670197819063, 37.386641289949026 ], [ -120.786561118122023, 37.386639353246963 ], [ -120.786563931134239, 37.386719170759626 ], [ -120.786666085207713, 37.386721072202228 ], [ -120.786646641391258, 37.387407482171383 ], [ -120.786476953284065, 37.38740523376309 ], [ -120.786472850953572, 37.387483639524739 ], [ -120.786647666742951, 37.38749417011315 ], [ -120.786630859824569, 37.388281920068621 ], [ -120.786521743896046, 37.388284110973785 ], [ -120.786524725092619, 37.388343290261922 ], [ -120.786630355408491, 37.388343833787438 ], [ -120.786612684716616, 37.389025071705639 ], [ -120.786508807415103, 37.389021785370133 ], [ -120.786501208755737, 37.389104301119218 ], [ -120.786606840137452, 37.389104844665532 ], [ -120.786604413573841, 37.389190138476316 ], [ -120.786586258947352, 37.389930636915899 ], [ -120.786482324342742, 37.389934230257914 ], [ -120.786485327777527, 37.389990658373613 ], [ -120.786582302554677, 37.389991156509474 ], [ -120.786568041358692, 37.390698097042794 ], [ -120.786422758101608, 37.390698312536536 ] ] ], [ [ [ -120.793515419828665, 37.388039145920921 ], [ -120.793508910691301, 37.388065384168243 ], [ -120.793398706865645, 37.388063572744194 ], [ -120.793385795030659, 37.388223032226307 ], [ -120.793407746494864, 37.388234402953977 ], [ -120.793399753570824, 37.388249375328435 ], [ -120.793311571687539, 37.38825017815028 ], [ -120.79331142072823, 37.388268942371127 ], [ -120.793292446185447, 37.388278854635821 ], [ -120.79322000954599, 37.388279737021534 ], [ -120.793218254528, 37.388302247107063 ], [ -120.793161501857426, 37.388310715872301 ], [ -120.792957577576999, 37.388423353780723 ], [ -120.792859273235351, 37.388507924437448 ], [ -120.792737510376767, 37.388711713814772 ], [ -120.792696998308799, 37.38885412647457 ], [ -120.792675300500136, 37.389201626354364 ], [ -120.792705454713342, 37.389562779363708 ], [ -120.792842387561265, 37.389960182747068 ], [ -120.793003080325278, 37.390340355957669 ], [ -120.793077297237431, 37.390509625302258 ], [ -120.793116399286916, 37.390737597627769 ], [ -120.793117413264483, 37.390962075575338 ], [ -120.792994399185815, 37.390986218225876 ], [ -120.792892023897366, 37.390989450528693 ], [ -120.792889349471636, 37.391125800019758 ], [ -120.792831001118628, 37.391136763052138 ], [ -120.792810218710017, 37.391175439753638 ], [ -120.792824248397395, 37.391193025617653 ], [ -120.792843072662791, 37.391201878543377 ], [ -120.792885525246717, 37.391209600924064 ], [ -120.792881790744332, 37.391282142586498 ], [ -120.792862633647601, 37.391314572375272 ], [ -120.792798037504255, 37.391319247276343 ], [ -120.792794706562006, 37.391341748933435 ], [ -120.792703351799261, 37.391345037319631 ], [ -120.79269214900151, 37.39136749956058 ], [ -120.79264332714736, 37.391368501618174 ], [ -120.792631624386004, 37.391389673535755 ], [ -120.792452075640583, 37.391395014498713 ], [ -120.792432585287543, 37.391468726924082 ], [ -120.792342542710529, 37.391504547971131 ], [ -120.792146721958559, 37.391574860446248 ], [ -120.791991939753046, 37.391632871233853 ], [ -120.79186086731454, 37.391679742757731 ], [ -120.791668249122722, 37.391755023311532 ], [ -120.791446195840649, 37.391758895284148 ], [ -120.791146830475896, 37.391751111830686 ], [ -120.790877754026283, 37.391685934755699 ], [ -120.790758329521793, 37.391655299996877 ], [ -120.790634162315953, 37.391627143519393 ], [ -120.79036045452294, 37.391563662080159 ], [ -120.790226819878299, 37.391537958220042 ], [ -120.790144877401374, 37.391501258377986 ], [ -120.790115112976579, 37.391482340717822 ], [ -120.790115122495166, 37.391481090194432 ], [ -120.790085328406903, 37.39146592500402 ], [ -120.790082188737742, 37.391464658469346 ], [ -120.790074346563401, 37.391460864606721 ], [ -120.790050799903156, 37.391451986768693 ], [ -120.790044511047498, 37.391450704220858 ], [ -120.790013080779161, 37.391443037324976 ], [ -120.790006793046516, 37.391441753868044 ], [ -120.789995791049108, 37.39143919541732 ], [ -120.789989503317074, 37.391437911959521 ], [ -120.789954903708747, 37.391432730988356 ], [ -120.789948615987385, 37.391431448427916 ], [ -120.78992974102195, 37.391428849483958 ], [ -120.789891961415947, 37.391427404963814 ], [ -120.789887238771698, 37.39142738138144 ], [ -120.789863599690619, 37.391429761860131 ], [ -120.789860461157758, 37.391428495312141 ], [ -120.789849438999681, 37.39142843880169 ], [ -120.789773950958107, 37.391416793306242 ], [ -120.789668841001614, 37.391368715407339 ], [ -120.789590999139008, 37.391319257616622 ], [ -120.789294016444259, 37.39117615663843 ], [ -120.789058142724699, 37.391104157869478 ], [ -120.78862409164239, 37.390960353061161 ], [ -120.788631121380604, 37.390938607020139 ], [ -120.7886483661417, 37.390925081519015 ], [ -120.788651814872694, 37.390922376959665 ], [ -120.788710313164742, 37.390892726449962 ], [ -120.788707196248254, 37.390854592741583 ], [ -120.788669788284849, 37.390819006012457 ], [ -120.788645868081289, 37.390810715117517 ], [ -120.788570500668044, 37.390807606280838 ], [ -120.788491884127311, 37.390782697907241 ], [ -120.788447269342129, 37.390790637912495 ], [ -120.788416007592886, 37.39084220891268 ], [ -120.788408932941067, 37.390869400587484 ], [ -120.788265052879211, 37.390863217302801 ], [ -120.788248140104216, 37.39083590268126 ], [ -120.788073395343432, 37.390832283840176 ], [ -120.788066762673068, 37.390805022676695 ], [ -120.787881693066254, 37.390806795715342 ], [ -120.787857949180207, 37.390776723899499 ], [ -120.786713596851158, 37.390754871767193 ], [ -120.786702088258508, 37.390238966494707 ], [ -120.786722936112596, 37.389554954901655 ], [ -120.786763123725606, 37.387940055544568 ], [ -120.786782113933867, 37.38698597353072 ], [ -120.786800184452588, 37.386144875242906 ], [ -120.786814782773831, 37.38573025826242 ], [ -120.787844396068635, 37.385764525459798 ], [ -120.787847038641473, 37.38578459993456 ], [ -120.78826775215137, 37.385795674217221 ], [ -120.78891013592137, 37.385946084695902 ], [ -120.788909737315507, 37.385995120706625 ], [ -120.789313602985757, 37.386008334139603 ], [ -120.78983893746522, 37.386124704174456 ], [ -120.790643749451093, 37.386135505687413 ], [ -120.790657271215025, 37.386197987641438 ], [ -120.790811559397525, 37.386198775025633 ], [ -120.790803298034959, 37.3865264012273 ], [ -120.790879058372724, 37.386524559050528 ], [ -120.790878823900911, 37.386553535324154 ], [ -120.790951760666076, 37.386553907790052 ], [ -120.790943003402518, 37.386596214400086 ], [ -120.791094487277249, 37.386596987645774 ], [ -120.791095441367503, 37.386641573303983 ], [ -120.791460108312819, 37.386645663879015 ], [ -120.791455055425772, 37.386576537920519 ], [ -120.791379331963597, 37.386573922638448 ], [ -120.79130952464557, 37.386533443825812 ], [ -120.791386005130008, 37.386442443147821 ], [ -120.791393795406321, 37.386172769454504 ], [ -120.792217140585507, 37.386194800303961 ], [ -120.792214101507568, 37.386223761939817 ], [ -120.792421673101657, 37.38622704845951 ], [ -120.792421402371545, 37.386260482562989 ], [ -120.792628992490876, 37.38626153935909 ], [ -120.792625953568404, 37.386290501005227 ], [ -120.792804099071461, 37.386291408742025 ], [ -120.792806670465069, 37.386320399648461 ], [ -120.793008595283354, 37.38632811371555 ], [ -120.793002751387021, 37.38635706164731 ], [ -120.793359478333258, 37.386374479309595 ], [ -120.793524252514828, 37.386466707390049 ], [ -120.793517044844833, 37.386665055192807 ], [ -120.793449664174616, 37.386671399803369 ], [ -120.793439661799695, 37.38669295183405 ], [ -120.793443461551021, 37.386744925950097 ], [ -120.793493956283697, 37.386745182660789 ], [ -120.793489399681533, 37.386773271912091 ], [ -120.793541346358055, 37.386774786491451 ], [ -120.793543948474365, 37.386807850623327 ], [ -120.793607172355308, 37.386812652848377 ], [ -120.793606195257127, 37.386933999104755 ], [ -120.793580034282087, 37.388031967766032 ], [ -120.793515419828665, 37.388039145920921 ] ], [ [ -120.792544403791339, 37.386619929036755 ], [ -120.792297573127172, 37.386619915588014 ], [ -120.792297568762407, 37.386664927731097 ], [ -120.792544399286456, 37.386671370712776 ], [ -120.792544403791339, 37.386619929036755 ] ] ] ] } },
{ "type": "Feature", "properties": { "OBJECTID": 1472, "Block_ID": "114", "PBLK_N": 101668.0, "Property": "LIVINGSTON RANCHES", "Shape_STAr": 98526.395627999998, "Shape_STLe": 1209.8657838700001, "Block_Cult": "MALVASIA BIANCA", "Block_Trel": "SPLIT", "Plany_Year": 2011.0, "SP": 5.0, "RW": 11.0, "Acerage": 24.35 }, "geometry": { "type": "Polygon", "coordinates": [ [ [ -120.773091601636125, 37.359035208962538 ], [ -120.773063447845075, 37.359082862505161 ], [ -120.772849092454877, 37.359269264240929 ], [ -120.771946863519531, 37.360043072542638 ], [ -120.771845029747567, 37.360049889198493 ], [ -120.771645067503641, 37.36017385487537 ], [ -120.7693194726738, 37.360162891226558 ], [ -120.769356890003337, 37.357151294022607 ], [ -120.772371611953531, 37.357169521234596 ], [ -120.772463116171025, 37.357291347653032 ], [ -120.772663095147934, 37.357718942467464 ], [ -120.772821680382279, 37.358118196766483 ], [ -120.773084495174018, 37.358777776295959 ], [ -120.773138689126213, 37.35893617610256 ], [ -120.773091601636125, 37.359035208962538 ] ] ] } },
{ "type": "Feature", "properties": { "OBJECTID": 1474, "Block_ID": "089", "PBLK_N": 101670.0, "Property": "LIVINGSTON RANCHES", "Shape_STAr": 76644.123103599995, "Shape_STLe": 1114.0544624700001, "Block_Cult": "CHARDONNAY", "Block_Trel": "VERTICAL", "Plany_Year": 2010.0, "SP": 6.0, "RW": 9.0, "Acerage": 18.75 }, "geometry": { "type": "Polygon", "coordinates": [ [ [ -120.786847018402327, 37.37516023549432 ], [ -120.7833228805533, 37.375091261058124 ], [ -120.783361328111695, 37.372997925149193 ], [ -120.786860265990214, 37.373015967039777 ], [ -120.787016301553123, 37.373016769213287 ], [ -120.787031245600502, 37.375049012468473 ], [ -120.786847018402327, 37.37516023549432 ] ] ] } },
{ "type": "Feature", "properties": { "OBJECTID": 1479, "Block_ID": "175", "PBLK_N": 114400.0, "Property": "LIVINGSTON RANCHES", "Shape_STAr": 43682.923354600003, "Shape_STLe": 1002.31943776, "Block_Cult": "CHARDONNAY", "Block_Trel": "LIV. DIVIDED CANOPY", "Plany_Year": 1994.0, "SP": 5.0, "RW": 11.0, "Acerage": 11.03 }, "geometry": { "type": "Polygon", "coordinates": [ [ [ -120.775814301265854, 37.363990770478964 ], [ -120.775812257613453, 37.363919595499496 ], [ -120.775738507222485, 37.363921302715184 ], [ -120.775737917256791, 37.363992463353895 ], [ -120.774763549487275, 37.363991545354246 ], [ -120.774799330990135, 37.36059310066387 ], [ -120.776095962795324, 37.360595934487087 ], [ -120.776104096864287, 37.360595951676821 ], [ -120.776077650977058, 37.363990055973176 ], [ -120.775814301265854, 37.363990770478964 ] ] ] } },
{ "type": "Feature", "properties": { "OBJECTID": 1491, "Block_ID": "136", "PBLK_N": 140725.0, "Property": "LIVINGSTON RANCHES", "Shape_STAr": 555107.91715400002, "Shape_STLe": 4973.3555374999996, "Block_Cult": "ALICANTE BOUSCHET", "Block_Trel": "SPLIT", "Plany_Year": 2012.0, "SP": 5.0, "RW": 11.0, "Acerage": 136.7 }, "geometry": { "type": "Polygon", "coordinates": [ [ [ -120.793190446817889, 37.333629952575009 ], [ -120.793194416759505, 37.334936029589599 ], [ -120.793163426712553, 37.338593786335089 ], [ -120.787783746428246, 37.338656661409431 ], [ -120.786736606376479, 37.338673487646503 ], [ -120.786761300611261, 37.336966634849695 ], [ -120.787359505114807, 37.336977864211306 ], [ -120.78737324123621, 37.336981511332795 ], [ -120.787391587326098, 37.336988792128771 ], [ -120.787414498749513, 37.336996078727985 ], [ -120.787428236007088, 37.336999725835675 ], [ -120.787451129428916, 37.337007019743865 ], [ -120.787469480840258, 37.337007010878501 ], [ -120.787497130835391, 37.337014222953904 ], [ -120.787506331957545, 37.337017845164745 ], [ -120.787529325390452, 37.337025081720718 ], [ -120.787556885215054, 37.3370323168689 ], [ -120.787579827678073, 37.337032286628414 ], [ -120.787598164075106, 37.337024990927134 ], [ -120.78761191197232, 37.337014062313386 ], [ -120.787625644555121, 37.336999501136887 ], [ -120.787634797195039, 37.336984942354526 ], [ -120.787648518550469, 37.336970389346085 ], [ -120.787648506086711, 37.336952194630214 ], [ -120.787648490659294, 37.336930359175028 ], [ -120.787648482945627, 37.33691944144735 ], [ -120.787639321378819, 37.336904881415627 ], [ -120.787634735254699, 37.33689032171619 ], [ -120.787625573684679, 37.336875760783713 ], [ -120.787607251362445, 37.336868482565428 ], [ -120.787588880949372, 37.336857571100253 ], [ -120.78757055860693, 37.336850290177622 ], [ -120.787543083419664, 37.336850291909727 ], [ -120.787524766989279, 37.336850291559173 ], [ -120.787511021059871, 37.336853934134375 ], [ -120.787488100827815, 37.336864862202027 ], [ -120.78742932284355, 37.336929164217665 ], [ -120.786754633147297, 37.336936837621664 ], [ -120.786739047660021, 37.336504840882675 ], [ -120.786755271612108, 37.33517097435243 ], [ -120.789963814173859, 37.335132070899682 ], [ -120.790176822387863, 37.335171137325723 ], [ -120.790221008368519, 37.335140517118667 ], [ -120.790254113100559, 37.335096724413013 ], [ -120.79023710419419, 37.335039570166195 ], [ -120.790181568795845, 37.335039384426011 ], [ -120.789967290707295, 37.335076343394107 ], [ -120.786759917814294, 37.335123459952882 ], [ -120.786737405667381, 37.332781966368124 ], [ -120.787316886533304, 37.332784441954509 ], [ -120.787299146322283, 37.332251006388944 ], [ -120.786793494327213, 37.3322655073991 ], [ -120.786781484191863, 37.33149374615715 ], [ -120.796468492609137, 37.331465204556551 ], [ -120.796439965410741, 37.332271532784716 ], [ -120.796456370367679, 37.332978387192945 ], [ -120.796488196903539, 37.33491574518991 ], [ -120.793284762685559, 37.33498885006027 ], [ -120.793289989291964, 37.331507232014388 ], [ -120.793142914836224, 37.331503619813098 ], [ -120.793190446817889, 37.333629952575009 ] ] ] } },
{ "type": "Feature", "properties": { "OBJECTID": 1494, "Block_ID": "135", "PBLK_N": 140723.0, "Property": "LIVINGSTON RANCHES", "Shape_STAr": 556818.455112, "Shape_STLe": 4126.505138, "Block_Cult": "CHARDONNAY", "Block_Trel": "SPLIT", "Plany_Year": 2012.0, "SP": 5.0, "RW": 11.0, "Acerage": 137.43 }, "geometry": { "type": "Polygon", "coordinates": [ [ [ -120.786592713219804, 37.338673183846069 ], [ -120.781770308957149, 37.338718718844852 ], [ -120.780421725072657, 37.338730417208112 ], [ -120.778620921662622, 37.338788675958696 ], [ -120.778638051409629, 37.331634748891737 ], [ -120.779418932224345, 37.331626871617068 ], [ -120.780724663159319, 37.331605511270368 ], [ -120.781905563177119, 37.331576922539625 ], [ -120.783271724449847, 37.331559170535684 ], [ -120.784375355290905, 37.331538569142772 ], [ -120.785431683560759, 37.3315347675832 ], [ -120.786610725693834, 37.331519655827556 ], [ -120.786617369123618, 37.33227734287744 ], [ -120.786547190378741, 37.332308284547402 ], [ -120.786537337136366, 37.332558348553675 ], [ -120.786218422300109, 37.332560518839948 ], [ -120.786144460277498, 37.332569005543085 ], [ -120.786144747071518, 37.332670200973439 ], [ -120.786533895597586, 37.332676330321739 ], [ -120.786555142982451, 37.33281676819324 ], [ -120.786618388811078, 37.332839012847927 ], [ -120.786608763663182, 37.335101457676188 ], [ -120.781152303942648, 37.335183504086267 ], [ -120.781099467846829, 37.335175153957991 ], [ -120.781077457827308, 37.335166390261399 ], [ -120.781049950040611, 37.335153244581939 ], [ -120.781017009766202, 37.335135689499282 ], [ -120.781011518760266, 37.335131305675127 ], [ -120.780995044606811, 37.335118153309026 ], [ -120.780951299690571, 37.335118029897025 ], [ -120.780923643685185, 37.335118080771018 ], [ -120.780901565348955, 37.335122480714332 ], [ -120.78086827658818, 37.33512258019821 ], [ -120.780846129566385, 37.33512700577085 ], [ -120.780818526719514, 37.335140168217904 ], [ -120.780801886347589, 37.335144592769993 ], [ -120.780779724771492, 37.335153402268617 ], [ -120.78075761057292, 37.3351665728051 ], [ -120.780735446743506, 37.335175384109363 ], [ -120.780724506927172, 37.335192868837851 ], [ -120.780724746007706, 37.335214665936761 ], [ -120.780807816401577, 37.335262628881431 ], [ -120.780824444796977, 37.335280092135442 ], [ -120.780885536053972, 37.335297361965921 ], [ -120.780902182209601, 37.335306053808281 ], [ -120.78098521962491, 37.335297079065171 ], [ -120.781106630008736, 37.335228296061963 ], [ -120.786615958584974, 37.335146311065259 ], [ -120.786592713219804, 37.338673183846069 ] ] ] } },
{ "type": "Feature", "properties": { "OBJECTID": 1518, "Block_ID": "038", "PBLK_N": 133490.0, "Property": "LIVINGSTON RANCHES", "Shape_STAr": 307344.03106200002, "Shape_STLe": 2572.9023733, "Block_Cult": "MERLOT", "Block_Trel": "4-WIRE VERTICAL W/M", "Plany_Year": 1994.0, "SP": 8.0, "RW": 10.0, "Acerage": 74.73 }, "geometry": { "type": "Polygon", "coordinates": [ [ [ -120.832235543784648, 37.367624346417614 ], [ -120.83215003129807, 37.36762230951129 ], [ -120.831636981935702, 37.367623164358996 ], [ -120.831191571260717, 37.367618784450435 ], [ -120.830654507269344, 37.367616081749141 ], [ -120.830075164631978, 37.367616498636806 ], [ -120.829535898809723, 37.367621989158877 ], [ -120.828944424811951, 37.367620090213812 ], [ -120.828391574245217, 37.367618706111095 ], [ -120.8278048200239, 37.367613601144932 ], [ -120.827253324128051, 37.367617053091834 ], [ -120.826503308123662, 37.367614990263547 ], [ -120.825910307459594, 37.367617285365192 ], [ -120.825233256244331, 37.367615235095307 ], [ -120.824604530805217, 37.367618912705844 ], [ -120.824042523512276, 37.367618964398169 ], [ -120.823549839448759, 37.367615573727889 ], [ -120.823553963371765, 37.367533659326277 ], [ -120.823478747308087, 37.367513850460412 ], [ -120.823455841593869, 37.367451398952092 ], [ -120.823458655287567, 37.367345475612581 ], [ -120.823256859996349, 37.367351214146673 ], [ -120.823252545273505, 37.367034009958822 ], [ -120.823262602237534, 37.366695970277426 ], [ -120.823257947110676, 37.366228332513884 ], [ -120.82326437126197, 37.3657685968845 ], [ -120.823264922029523, 37.365354829996306 ], [ -120.823265868364629, 37.364734884084136 ], [ -120.823270361732114, 37.364245370831291 ], [ -120.82327456566064, 37.364151299304403 ], [ -120.823373501032776, 37.364077302238591 ], [ -120.823646131283198, 37.364079992660699 ], [ -120.824254484773931, 37.364077255182565 ], [ -120.82512011286164, 37.364071973207601 ], [ -120.826059564927249, 37.364075898966625 ], [ -120.8266706383544, 37.364076412105057 ], [ -120.827655352290577, 37.364073379284171 ], [ -120.832247942155831, 37.364083171887906 ], [ -120.832251603648274, 37.364210784243539 ], [ -120.832250443334445, 37.364562275235123 ], [ -120.832245053849775, 37.36508498869923 ], [ -120.832245549117289, 37.365247217987417 ], [ -120.832130734298104, 37.365248560488475 ], [ -120.831658458303565, 37.365253027054621 ], [ -120.831661372468574, 37.365147012741545 ], [ -120.83158912861839, 37.365148272608685 ], [ -120.831593334946078, 37.365261914573637 ], [ -120.831513657155924, 37.365252774503411 ], [ -120.831353785611299, 37.3652570269535 ], [ -120.831354641051732, 37.365767371933565 ], [ -120.832076374399236, 37.365767195114614 ], [ -120.83208067167935, 37.365813365923195 ], [ -120.832178471569264, 37.365817511226403 ], [ -120.832177344036978, 37.365760714479748 ], [ -120.832273085451476, 37.365769222836974 ], [ -120.832253436347898, 37.365982759511283 ], [ -120.83215729077412, 37.366028757353483 ], [ -120.832146143152315, 37.366162027334532 ], [ -120.832186217302478, 37.36621016495338 ], [ -120.832255337942556, 37.366231041868581 ], [ -120.832244464693119, 37.366341614361843 ], [ -120.832249432249725, 37.366570986001634 ], [ -120.832250366455241, 37.367010648238363 ], [ -120.832248254922888, 37.367327994404306 ], [ -120.832235543784648, 37.367624346417614 ] ] ] } },
{ "type": "Feature", "properties": { "OBJECTID": 1523, "Block_ID": "193", "PBLK_N": 134738.0, "Property": "LIVINGSTON RANCHES", "Shape_STAr": 57654.422651300003, "Shape_STLe": 1090.56814938, "Block_Cult": "MERLOT", "Block_Trel": "SPLIT", "Plany_Year": 2010.0, "SP": 5.0, "RW": 11.0, "Acerage": 14.11 }, "geometry": { "type": "Polygon", "coordinates": [ [ [ -120.834793092992456, 37.373905624409005 ], [ -120.834777051492821, 37.374002963861003 ], [ -120.834685987804889, 37.374116047607004 ], [ -120.834652383077014, 37.37419277565732 ], [ -120.834595236834545, 37.374188537439785 ], [ -120.834360178755603, 37.374186087370759 ], [ -120.834303180748307, 37.374226836055669 ], [ -120.834292765416023, 37.37425596122138 ], [ -120.834316610719583, 37.374314945050386 ], [ -120.834318377423457, 37.374317425522733 ], [ -120.834416118916693, 37.374381211422488 ], [ -120.834513294070419, 37.374410764459412 ], [ -120.834429651945641, 37.374582571645853 ], [ -120.834341464489128, 37.37469110269825 ], [ -120.834281215711329, 37.374758407446116 ], [ -120.834122683400906, 37.374921861208705 ], [ -120.834012444439537, 37.37502274036131 ], [ -120.833882244431649, 37.375128248168231 ], [ -120.833768775101149, 37.375213376697268 ], [ -120.833706524366363, 37.37528575009901 ], [ -120.833622085563803, 37.375333759595392 ], [ -120.833326852677658, 37.3755050279579 ], [ -120.832955120231986, 37.375673655516295 ], [ -120.832891765956674, 37.375701709346991 ], [ -120.832457116997276, 37.375695128336609 ], [ -120.83243373763635, 37.375722528451647 ], [ -120.83234168753863, 37.375731265220892 ], [ -120.832184399874123, 37.375787320332009 ], [ -120.831988285038193, 37.375853188532865 ], [ -120.831698822810097, 37.375843746897516 ], [ -120.831243350321273, 37.375850513152905 ], [ -120.831060326363385, 37.375844505360526 ], [ -120.831061865895848, 37.374971388216231 ], [ -120.831072223966629, 37.374402570713279 ], [ -120.831070897486399, 37.373816063598603 ], [ -120.834704158531537, 37.373834449745218 ], [ -120.834796140411541, 37.373844302209449 ], [ -120.834797833901263, 37.373872657093948 ], [ -120.834793092992456, 37.373905624409005 ] ], [ [ -120.831822942844596, 37.374824760359616 ], [ -120.831781466697223, 37.374778169883392 ], [ -120.831622797677127, 37.374786443540557 ], [ -120.831597625394423, 37.374808467298401 ], [ -120.831600055452341, 37.37487039799268 ], [ -120.831822640481292, 37.374877834497035 ], [ -120.831822942844596, 37.374824760359616 ] ] ] } },
{ "type": "Feature", "properties": { "OBJECTID": 1535, "Block_ID": "062", "PBLK_N": 133493.0, "Property": "LIVINGSTON RANCHES", "Shape_STAr": 392202.24788799998, "Shape_STLe": 3896.2022719199999, "Block_Cult": "SYRAH", "Block_Trel": "LIV. DIVIDED CANOPY", "Plany_Year": 1995.0, "SP": 8.0, "RW": 10.0, "Acerage": 96.33 }, "geometry": { "type": "MultiPolygon", "coordinates": [ [ [ [ -120.845843447187676, 37.364924201105723 ], [ -120.845548734065119, 37.365034181422438 ], [ -120.845543513266279, 37.364986548510025 ], [ -120.845477758889018, 37.364990528986418 ], [ -120.845476036345133, 37.365069274140907 ], [ -120.845419025008539, 37.365099113297482 ], [ -120.844857655362361, 37.365321992933239 ], [ -120.844858031328911, 37.365271062791322 ], [ -120.844752094528374, 37.365279428219203 ], [ -120.844750049267162, 37.365367994092196 ], [ -120.844163974095423, 37.365625359752983 ], [ -120.843862327347821, 37.365734892876787 ], [ -120.843861399630683, 37.365671778533489 ], [ -120.843819599873783, 37.365672690775135 ], [ -120.843819011522839, 37.365752406639594 ], [ -120.843250706913537, 37.365996655003237 ], [ -120.842829658427974, 37.366164096829898 ], [ -120.842822938954839, 37.366130849438257 ], [ -120.842786719486213, 37.366130680087558 ], [ -120.842787727270263, 37.366182723144689 ], [ -120.842577366007475, 37.366280143470512 ], [ -120.842098668731836, 37.366484110910271 ], [ -120.841792187828247, 37.36659804594494 ], [ -120.841793867668585, 37.366559301866673 ], [ -120.841655962743587, 37.366557549224922 ], [ -120.84164986812435, 37.366669332189481 ], [ -120.84157533068722, 37.366701281423872 ], [ -120.841157098779618, 37.366870406653462 ], [ -120.840623680127436, 37.367089685328999 ], [ -120.840588468888313, 37.367095303541362 ], [ -120.840587692622108, 37.36703650450977 ], [ -120.840554935266596, 37.367038278422662 ], [ -120.840558079419267, 37.367104799276056 ], [ -120.840423038744916, 37.367161997731777 ], [ -120.840437594283785, 37.363452646375187 ], [ -120.84046353144241, 37.36345173834188 ], [ -120.840469664444569, 37.360562441683378 ], [ -120.840641575109714, 37.360562962533479 ], [ -120.840641269473622, 37.360604122309226 ], [ -120.840667149172774, 37.360605958470927 ], [ -120.840682290909143, 37.360600884838227 ], [ -120.840723566613761, 37.360563346642905 ], [ -120.841410008778169, 37.360566562791583 ], [ -120.841567469505293, 37.360574160898089 ], [ -120.841573650242907, 37.360613635759435 ], [ -120.841603869829001, 37.360612062092329 ], [ -120.8416102418539, 37.360625812761015 ], [ -120.841642593795484, 37.360627678564363 ], [ -120.841643077612943, 37.360562509359873 ], [ -120.842228014339923, 37.360566960413692 ], [ -120.842231808317493, 37.360637295593357 ], [ -120.842264173932008, 37.360637447354904 ], [ -120.842266877154557, 37.36056371246513 ], [ -120.842504210712121, 37.360566536286122 ], [ -120.842501938519348, 37.360581961947439 ], [ -120.842523464801971, 37.360588922137779 ], [ -120.842542667759957, 37.360618167952246 ], [ -120.84256428271371, 37.360613123875183 ], [ -120.842577355555349, 37.360596034008616 ], [ -120.842601280186656, 37.360570419968113 ], [ -120.842927153623734, 37.360563366906831 ], [ -120.843467183147723, 37.360560742772037 ], [ -120.84347556086567, 37.360595083150152 ], [ -120.843499232171183, 37.360603768745861 ], [ -120.843503307573656, 37.360636373623436 ], [ -120.843533527128585, 37.360634799466958 ], [ -120.843551295758189, 37.360566280039087 ], [ -120.843674334657905, 37.360559994107795 ], [ -120.843677928084404, 37.360657769091588 ], [ -120.84377502381264, 37.360658221380326 ], [ -120.843773600140153, 37.360558741546797 ], [ -120.844336956942612, 37.360565981745012 ], [ -120.844463331585061, 37.360567101326254 ], [ -120.844502093493816, 37.360577571674959 ], [ -120.844536363941117, 37.3606120325368 ], [ -120.84456223127799, 37.360615582617427 ], [ -120.84459710759549, 37.360567723898328 ], [ -120.845093387448529, 37.360568318164603 ], [ -120.845194799015943, 37.360568789964177 ], [ -120.845535736727399, 37.360566945065912 ], [ -120.84553972483468, 37.36061155503571 ], [ -120.845563547858362, 37.360599660327267 ], [ -120.845593893959943, 37.360580936183553 ], [ -120.84560263773804, 37.360565540999737 ], [ -120.845876626973748, 37.360571959135612 ], [ -120.845878317788731, 37.360635424357596 ], [ -120.84590206507005, 37.360633819078942 ], [ -120.845897337938496, 37.360784771177606 ], [ -120.845896385501717, 37.360914095687654 ], [ -120.845893600889667, 37.361292118883789 ], [ -120.845891842574559, 37.361530869035931 ], [ -120.845884446500719, 37.362535600438889 ], [ -120.845894935109527, 37.364906300225428 ], [ -120.845843447187676, 37.364924201105723 ] ] ], [ [ [ -120.849494039448061, 37.36236306220912 ], [ -120.849489527913562, 37.362337851918369 ], [ -120.849450753362973, 37.362343270573383 ], [ -120.849427107619121, 37.36236648561794 ], [ -120.849417629499484, 37.362378570315457 ], [ -120.849416566951703, 37.362427897789068 ], [ -120.848690348153923, 37.362962684430009 ], [ -120.84869065486501, 37.36292070325662 ], [ -120.848654261980769, 37.362921468042494 ], [ -120.848649014077637, 37.362997012361163 ], [ -120.848077097423442, 37.363415194747489 ], [ -120.848065414191296, 37.363407677006741 ], [ -120.848023970373276, 37.363456931096614 ], [ -120.847968475266569, 37.363501456003398 ], [ -120.847965329327366, 37.363450129862734 ], [ -120.847928909147342, 37.363454625344751 ], [ -120.847934244587393, 37.363527419738091 ], [ -120.847904749908579, 37.363547808101664 ], [ -120.847828149844489, 37.363599149303226 ], [ -120.847824717355039, 37.363587005461767 ], [ -120.847793019054947, 37.363587791456588 ], [ -120.847790377337731, 37.363627896431709 ], [ -120.847324240423205, 37.36398358421949 ], [ -120.847297256894919, 37.36396342308479 ], [ -120.847275578293193, 37.363968194081579 ], [ -120.847277583588379, 37.364014850318661 ], [ -120.846907211241984, 37.364289184722743 ], [ -120.846890888323529, 37.364274182617727 ], [ -120.846860362331014, 37.364274973524729 ], [ -120.846858812592671, 37.364326278177785 ], [ -120.84648026101776, 37.364603234164939 ], [ -120.846480439981846, 37.364578979137704 ], [ -120.846440517418543, 37.364580659838538 ], [ -120.846441354962963, 37.364626377976371 ], [ -120.846326617980665, 37.364700170113899 ], [ -120.84628181597536, 37.364727017200785 ], [ -120.846185222480585, 37.364773215844139 ], [ -120.846138174854616, 37.364786059144976 ], [ -120.846117447124669, 37.364793069527394 ], [ -120.846030586382071, 37.364792666092356 ], [ -120.846032563201803, 37.364382795086129 ], [ -120.846033989607704, 37.363869313318737 ], [ -120.846038136640928, 37.362985771421215 ], [ -120.846045347402324, 37.362164401100031 ], [ -120.846049901025481, 37.361385277721844 ], [ -120.84604817227455, 37.360662374760722 ], [ -120.846082210238777, 37.360662533402575 ], [ -120.846083685576147, 37.360621490333727 ], [ -120.846110681412895, 37.360621615306698 ], [ -120.846113440010626, 37.36056565191388 ], [ -120.846496093451549, 37.360564628964269 ], [ -120.846496784791356, 37.360630871213516 ], [ -120.846563658773263, 37.360634913103155 ], [ -120.846566253359114, 37.360601339720688 ], [ -120.846608732531735, 37.360570749481035 ], [ -120.846978123003495, 37.360570596490518 ], [ -120.846975398610866, 37.36062189603134 ], [ -120.847153160945382, 37.360619920724233 ], [ -120.84714886258007, 37.360565790522948 ], [ -120.847421027567293, 37.36056238612403 ], [ -120.847420446276956, 37.360641683723493 ], [ -120.847596576518455, 37.360641567183364 ], [ -120.847599413491054, 37.360566011251649 ], [ -120.847636999498704, 37.360562453966033 ], [ -120.84763409810131, 37.360638008557984 ], [ -120.847702188086359, 37.360636458112793 ], [ -120.847702707408246, 37.360565557110725 ], [ -120.848106666578161, 37.360563694598689 ], [ -120.848173912156184, 37.360563072904512 ], [ -120.848206612070868, 37.360585614931189 ], [ -120.848218124084042, 37.360616454745646 ], [ -120.848219153995885, 37.360636051949044 ], [ -120.848449862570106, 37.360638983960854 ], [ -120.848461770123663, 37.360615715944519 ], [ -120.848482952672271, 37.360608350149661 ], [ -120.848487647401456, 37.360608371595823 ], [ -120.848584504320186, 37.360618148933881 ], [ -120.848633909117638, 37.360636103459022 ], [ -120.848633369017094, 37.360709803338821 ], [ -120.848729635062853, 37.360707448883971 ], [ -120.848735838279026, 37.360661763338662 ], [ -120.848851897916902, 37.360703349211406 ], [ -120.848855385533369, 37.360708030281941 ], [ -120.848856545161411, 37.360709901328555 ], [ -120.849012289551894, 37.36083563553408 ], [ -120.849053110683727, 37.360871275517894 ], [ -120.849137817676251, 37.361005077038122 ], [ -120.849239621082873, 37.361213238049892 ], [ -120.849312255656542, 37.361392944967967 ], [ -120.849348912561098, 37.36151661453011 ], [ -120.849349409514701, 37.361601017899673 ], [ -120.849385781259599, 37.361603051767396 ], [ -120.849389700213578, 37.361683185432696 ], [ -120.849420203496024, 37.361685191851933 ], [ -120.849420826075502, 37.361760762747842 ], [ -120.849453697288638, 37.361759981446902 ], [ -120.849455785853337, 37.361795443098991 ], [ -120.849486303220814, 37.361795583587934 ], [ -120.849488404709149, 37.361829179333967 ], [ -120.849528311711438, 37.361829363524663 ], [ -120.849527972074526, 37.361876009478593 ], [ -120.849559676079878, 37.361874289169855 ], [ -120.849561723719916, 37.361915348551406 ], [ -120.849594594998976, 37.361914567211564 ], [ -120.849597932842713, 37.361939772374399 ], [ -120.849628598214551, 37.361939194774337 ], [ -120.849624952240134, 37.362277835282391 ], [ -120.849494039448061, 37.36236306220912 ] ] ] ] } },
{ "type": "Feature", "properties": { "OBJECTID": 1735, "Block_ID": "178", "PBLK_N": 101565.0, "Property": "LIVINGSTON RANCHES", "Shape_STAr": 300865.14788900001, "Shape_STLe": 2542.3085774699998, "Block_Cult": "RIESLING", "Block_Trel": "SPLIT", "Plany_Year": 2012.0, "SP": 5.0, "RW": 11.0, "Acerage": 73.78 }, "geometry": { "type": "Polygon", "coordinates": [ [ [ -120.778041593433272, 37.36714073632676 ], [ -120.778043890573855, 37.3674043217503 ], [ -120.778038297578235, 37.367490784190295 ], [ -120.778008701746089, 37.367562637075707 ], [ -120.777913419314601, 37.367587579281874 ], [ -120.777499190630976, 37.367603650903625 ], [ -120.777011678396192, 37.367605094427489 ], [ -120.776477343969333, 37.367597759453645 ], [ -120.775753827686401, 37.367587234878648 ], [ -120.775218865750773, 37.367579875858183 ], [ -120.774527680711429, 37.367592946286386 ], [ -120.773902250489172, 37.367601989933391 ], [ -120.773417276610616, 37.367594253196216 ], [ -120.772668894131357, 37.367599801637709 ], [ -120.772067993660471, 37.367601159432446 ], [ -120.77138820548906, 37.367610966668863 ], [ -120.770674599578385, 37.36761223909771 ], [ -120.770077118575799, 37.367613938977257 ], [ -120.769523933550701, 37.367614955794053 ], [ -120.769288665511269, 37.367620613044345 ], [ -120.769265957297762, 37.367575337259041 ], [ -120.769275981974943, 37.366190291530266 ], [ -120.770180649394177, 37.366187842150936 ], [ -120.770193559835448, 37.366244957041367 ], [ -120.770436237736988, 37.366242397816194 ], [ -120.770442761882094, 37.366169205350602 ], [ -120.770393840035382, 37.366114113535971 ], [ -120.770259932647917, 37.366116057809528 ], [ -120.770160903774965, 37.36616916244683 ], [ -120.769281747354782, 37.366171975962722 ], [ -120.769279702267767, 37.365638622655531 ], [ -120.769269661005424, 37.365261951766755 ], [ -120.769272146505827, 37.364967275346977 ], [ -120.769270427446401, 37.36474028600837 ], [ -120.769273005742733, 37.364498060948016 ], [ -120.769272644602424, 37.364289026315376 ], [ -120.769273011184609, 37.364146248036093 ], [ -120.769281340640816, 37.364135895483464 ], [ -120.769289718742854, 37.364121665280408 ], [ -120.769387085365281, 37.364110766658463 ], [ -120.769793157146211, 37.364112385749984 ], [ -120.770481486227993, 37.364112920022357 ], [ -120.770954644412157, 37.364124450521459 ], [ -120.771067646693197, 37.364120020143432 ], [ -120.771653793894714, 37.36412315736677 ], [ -120.772130299572879, 37.36412312127235 ], [ -120.772705136277892, 37.364122595913642 ], [ -120.773245922966638, 37.364124379444519 ], [ -120.773802484304966, 37.364113614621552 ], [ -120.773905765181524, 37.364113423387273 ], [ -120.774234859476508, 37.364105941870932 ], [ -120.774748098914046, 37.364104978318458 ], [ -120.775182972436482, 37.36410827017378 ], [ -120.775651274598857, 37.364106003638796 ], [ -120.776204058519582, 37.364103650084516 ], [ -120.776573847233593, 37.364098539186237 ], [ -120.777172451111284, 37.364098763984707 ], [ -120.777721792588594, 37.364107322871433 ], [ -120.778041625247567, 37.364112251990242 ], [ -120.778066854872876, 37.364134529937871 ], [ -120.778073721840812, 37.364201416419924 ], [ -120.778074783663286, 37.364318057102679 ], [ -120.7780748847062, 37.36467456916273 ], [ -120.778068391115184, 37.365284596913114 ], [ -120.778065429145371, 37.365730790778478 ], [ -120.778060076738527, 37.366185202903175 ], [ -120.778053365013179, 37.366621079223734 ], [ -120.778041593433272, 37.36714073632676 ] ] ] } },
{ "type": "Feature", "properties": { "OBJECTID": 1736, "Block_ID": "182", "PBLK_N": 101642.0, "Property": "LIVINGSTON RANCHES", "Shape_STAr": 151679.412522, "Shape_STLe": 1586.0163776100001, "Block_Cult": "LAMBRUSCO", "Block_Trel": "QUAD", "Plany_Year": 2013.0, "SP": 5.0, "RW": 11.0, "Acerage": 36.96 }, "geometry": { "type": "Polygon", "coordinates": [ [ [ -120.791670088420418, 37.373001298938817 ], [ -120.787225110071688, 37.372944025500466 ], [ -120.787238118877056, 37.372537717945235 ], [ -120.787246011428977, 37.372324553527498 ], [ -120.787249262489325, 37.372063884152304 ], [ -120.78730765154404, 37.369468186658871 ], [ -120.791749355358149, 37.36951923951915 ], [ -120.79172056706993, 37.370611302228411 ], [ -120.791668182146523, 37.370650356162585 ], [ -120.791586186794646, 37.370660935143249 ], [ -120.79157963412996, 37.370756106623077 ], [ -120.791635118035998, 37.370761700710531 ], [ -120.791717462914022, 37.370760171297881 ], [ -120.791700410463051, 37.371639036236438 ], [ -120.791640341578869, 37.371669965497176 ], [ -120.791638770834354, 37.371720383133209 ], [ -120.791636467699618, 37.371785274134432 ], [ -120.791696391508452, 37.371804614501485 ], [ -120.791682582353047, 37.372631604872069 ], [ -120.791678636792653, 37.372800090176767 ], [ -120.791670088420418, 37.373001298938817 ] ] ] } },
{ "type": "Feature", "properties": { "OBJECTID": 1737, "Block_ID": "009", "PBLK_N": 134736.0, "Property": "LIVINGSTON RANCHES", "Shape_STAr": 609726.28443500004, "Shape_STLe": 3297.3034462300002, "Block_Cult": "PINOT GRIS", "Block_Trel": "STACKED-T", "Plany_Year": 2014.0, "SP": 4.0, "RW": 10.0, "Acerage": 149.33 }, "geometry": { "type": "Polygon", "coordinates": [ [ [ -120.850572760411353, 37.345858554582044 ], [ -120.850378791557219, 37.348673918160465 ], [ -120.849535829558135, 37.348678392929685 ], [ -120.84950696436934, 37.348858749972358 ], [ -120.849522293891837, 37.349041190263954 ], [ -120.85034531735802, 37.349056900626209 ], [ -120.850341828786227, 37.349126518528465 ], [ -120.850069425328812, 37.353056908674844 ], [ -120.850057889270829, 37.35320229432314 ], [ -120.84179101500618, 37.353194965916884 ], [ -120.841925796979694, 37.345799055844175 ], [ -120.845727971597, 37.345810118911821 ], [ -120.845738313199178, 37.345867534980108 ], [ -120.845738425854833, 37.345903704408052 ], [ -120.845787791336477, 37.345941056225328 ], [ -120.845894075167664, 37.345951757394097 ], [ -120.845989076291332, 37.345955616894514 ], [ -120.846061586069595, 37.345948674151771 ], [ -120.846119103288927, 37.345935016910396 ], [ -120.846152697504209, 37.345917871696088 ], [ -120.846202367951818, 37.345895815493435 ], [ -120.846256738273354, 37.345862028090153 ], [ -120.846289173351238, 37.345827615616166 ], [ -120.850536125318001, 37.34585695752358 ], [ -120.850572760411353, 37.345858554582044 ] ] ] } },
{ "type": "Feature", "properties": { "OBJECTID": 1738, "Block_ID": "021", "PBLK_N": 101662.0, "Property": "LIVINGSTON RANCHES", "Shape_STAr": 847669.773545, "Shape_STLe": 8249.9934454400009, "Block_Cult": "PINOT GRIS", "Block_Trel": "STACKED-T", "Plany_Year": 2015.0, "SP": 4.0, "RW": 10.0, "Acerage": 202.69 }, "geometry": { "type": "MultiPolygon", "coordinates": [ [ [ [ -120.826267008777606, 37.380704173466114 ], [ -120.826152916425016, 37.380619174272226 ], [ -120.826139552080519, 37.380608037899584 ], [ -120.825980312767328, 37.38050851589955 ], [ -120.825689563503374, 37.380394744496307 ], [ -120.825488318381346, 37.380380152321564 ], [ -120.825163517090786, 37.380388930881857 ], [ -120.825114402048456, 37.380392229748246 ], [ -120.825072662764711, 37.380395707837138 ], [ -120.824522725931075, 37.380508515510932 ], [ -120.824328665204973, 37.380564855874674 ], [ -120.824217244460456, 37.380604562720102 ], [ -120.824034029664716, 37.38066105609844 ], [ -120.823848946798165, 37.380732403069025 ], [ -120.823761395392722, 37.380760811743841 ], [ -120.823654062195757, 37.380802978143812 ], [ -120.823554006852333, 37.380847446653441 ], [ -120.823485840980695, 37.380883728653167 ], [ -120.823484114204149, 37.380886335975532 ], [ -120.823362718887438, 37.380948545549252 ], [ -120.823241656648847, 37.381013001736306 ], [ -120.823238524862532, 37.381001591050151 ], [ -120.823263355914946, 37.379739411357377 ], [ -120.82332680933736, 37.379738555617998 ], [ -120.823351168603281, 37.379724978565974 ], [ -120.823338849130991, 37.379654110956196 ], [ -120.823338923534948, 37.379641347589896 ], [ -120.823314257160888, 37.379621819092954 ], [ -120.823266380398749, 37.379625173419505 ], [ -120.823265602322579, 37.379640092628179 ], [ -120.823318350896173, 37.377175250432302 ], [ -120.82354142024468, 37.377113310785951 ], [ -120.823536073087439, 37.376938366050801 ], [ -120.823941768747446, 37.376718422487009 ], [ -120.824472799582651, 37.376423542401177 ], [ -120.824735359040417, 37.376273727131512 ], [ -120.824927021439365, 37.376071635011265 ], [ -120.825136577319881, 37.375860185919073 ], [ -120.82574612125994, 37.3753957121422 ], [ -120.826188090157913, 37.375090951758509 ], [ -120.826498062834716, 37.37495552335325 ], [ -120.826849334915181, 37.374858062015562 ], [ -120.827057879915372, 37.374778798982597 ], [ -120.827296095215871, 37.374704399862189 ], [ -120.828240382579764, 37.374228079047931 ], [ -120.828700264500156, 37.373909231620488 ], [ -120.828915208721639, 37.373768619975806 ], [ -120.830323123702982, 37.373784788274406 ], [ -120.830981461639425, 37.373792656665252 ], [ -120.830981412016072, 37.373799340269208 ], [ -120.831005174397816, 37.373799421972357 ], [ -120.83099282386398, 37.375362624701026 ], [ -120.830997999010634, 37.375359158375637 ], [ -120.831015612386935, 37.376371323475198 ], [ -120.830875743581771, 37.376503831682584 ], [ -120.830802126856653, 37.376606894034119 ], [ -120.830735872974302, 37.376739401658078 ], [ -120.830647534859565, 37.376916078723212 ], [ -120.830478218571614, 37.377151647581073 ], [ -120.830463495889475, 37.37723262573342 ], [ -120.830448773142194, 37.377519725907135 ], [ -120.830389880977876, 37.377814187716226 ], [ -120.830316264939327, 37.378086564809529 ], [ -120.830264734595829, 37.378241157698653 ], [ -120.830264734535916, 37.378329496467231 ], [ -120.830205842710242, 37.378506174018412 ], [ -120.830065972425473, 37.378712296839701 ], [ -120.829867210831665, 37.379050928363291 ], [ -120.829867785449352, 37.379050937856533 ], [ -120.829791126173035, 37.379187005144601 ], [ -120.829484409809908, 37.379522067586791 ], [ -120.829204671131379, 37.379949037051517 ], [ -120.828983824918595, 37.38025822235592 ], [ -120.828907835632322, 37.380310215221186 ], [ -120.828865713728533, 37.38036426833574 ], [ -120.828755302925316, 37.380441298401827 ], [ -120.828748372183526, 37.380445287813437 ], [ -120.828620310064338, 37.380534540326629 ], [ -120.828502144773168, 37.380606614100827 ], [ -120.828464635735955, 37.380632061389633 ], [ -120.828394901098932, 37.380685192539488 ], [ -120.82808571633646, 37.380847146230423 ], [ -120.827658746073894, 37.38103854647585 ], [ -120.827505332327306, 37.38105019299794 ], [ -120.827479645566669, 37.38105727139201 ], [ -120.827390924568348, 37.381058877799099 ], [ -120.827380233440252, 37.381059688801528 ], [ -120.827363534555104, 37.381058120640283 ], [ -120.827215002369485, 37.381053926646047 ], [ -120.827052077587155, 37.381043544922306 ], [ -120.826952211237966, 37.381019493922523 ], [ -120.826885141804993, 37.381013195935637 ], [ -120.826839186460973, 37.380991234858925 ], [ -120.826730529281789, 37.380956865787653 ], [ -120.826575887974727, 37.380902737900044 ], [ -120.826493708751542, 37.380866071784929 ], [ -120.826409473258408, 37.38080492152541 ], [ -120.826267008777606, 37.380704173466114 ] ], [ [ -120.82872462117443, 37.379551467253741 ], [ -120.828724368197712, 37.379550264426342 ], [ -120.828689673980037, 37.379506589082744 ], [ -120.828625858881026, 37.37949653424733 ], [ -120.828622658182013, 37.379501564664885 ], [ -120.828587365581299, 37.379640063985192 ], [ -120.828607724326829, 37.379656389926019 ], [ -120.828693404080909, 37.379664493515783 ], [ -120.828695203040979, 37.379663739723618 ], [ -120.82872462117443, 37.379551467253741 ] ], [ [ -120.829941135204933, 37.378425280776057 ], [ -120.829938290164975, 37.378413700929677 ], [ -120.829929746103517, 37.378404354034132 ], [ -120.829854894876334, 37.378384926236365 ], [ -120.82985400464483, 37.378385627838632 ], [ -120.829816205064105, 37.378406626291735 ], [ -120.829794982468954, 37.378430806413995 ], [ -120.829788039274632, 37.378506619574026 ], [ -120.829807104653725, 37.378516819831006 ], [ -120.829866702703271, 37.378521091870027 ], [ -120.82990466018417, 37.378519268531818 ], [ -120.829931974985442, 37.378499295756669 ], [ -120.829933062234019, 37.378497587910012 ], [ -120.829941087740778, 37.378433607958947 ], [ -120.829941122207813, 37.378427593781169 ], [ -120.829941135204933, 37.378425280776057 ] ], [ [ -120.826816731309492, 37.379229161183808 ], [ -120.826804939327303, 37.379138614736164 ], [ -120.826802225900494, 37.379140339232386 ], [ -120.826680356736176, 37.379128073590692 ], [ -120.826655061510365, 37.379156890125707 ], [ -120.826623433386274, 37.37924104189814 ], [ -120.826726475147893, 37.379257763552928 ], [ -120.826773925298298, 37.379254317232871 ], [ -120.826796374550611, 37.379242576242305 ], [ -120.826816731309492, 37.379229161183808 ] ], [ [ -120.830051246602821, 37.378125373391818 ], [ -120.830088071451826, 37.378116323163795 ], [ -120.830137443223705, 37.378120266859924 ], [ -120.830166291975573, 37.378111652700952 ], [ -120.830167700107751, 37.378110124339429 ], [ -120.830187820357082, 37.378062874856901 ], [ -120.830190772650468, 37.378055943435875 ], [ -120.830190970725084, 37.378021233940537 ], [ -120.830190983704583, 37.3780189200357 ], [ -120.830173750765539, 37.377977205194405 ], [ -120.830170865635736, 37.377972567075162 ], [ -120.830138722881998, 37.377946790238404 ], [ -120.830047303022823, 37.377965175509502 ], [ -120.829998600773919, 37.378089261474052 ], [ -120.83000314774992, 37.378093537173427 ], [ -120.830044777488055, 37.37812483549439 ], [ -120.830051246602821, 37.378125373391818 ] ], [ [ -120.828933706517191, 37.379734063076505 ], [ -120.828914265227823, 37.379699660214307 ], [ -120.828888748064529, 37.379664493548141 ], [ -120.828833607461803, 37.379665480661522 ], [ -120.82882360156384, 37.379702792566057 ], [ -120.828818845255512, 37.379729175407697 ], [ -120.828816603448416, 37.379758786579266 ], [ -120.828822202272221, 37.379798156242678 ], [ -120.828821745645769, 37.379798387021083 ], [ -120.828823513970761, 37.379809457998597 ], [ -120.828779860126687, 37.379833588804054 ], [ -120.828778175331294, 37.379850802985082 ], [ -120.828774721648898, 37.379920493296972 ], [ -120.828797861651495, 37.379978613136934 ], [ -120.828806914104092, 37.379978646446126 ], [ -120.828823964773008, 37.379977872055335 ], [ -120.828856749483123, 37.379945640209307 ], [ -120.828877213331836, 37.379880348572371 ], [ -120.828915856398069, 37.379832489212355 ], [ -120.828924055135843, 37.379794467477268 ], [ -120.828933706517191, 37.379734063076505 ] ] ], [ [ [ -120.815642490763949, 37.381408176745722 ], [ -120.815651546090834, 37.380604661250239 ], [ -120.815649623106452, 37.379960602938411 ], [ -120.815662720721079, 37.379741554123989 ], [ -120.815661154691725, 37.379431757992919 ], [ -120.815666287878415, 37.379208605643065 ], [ -120.815682670469059, 37.379208283013668 ], [ -120.815682944370181, 37.379190004551823 ], [ -120.816411005722458, 37.379190004329942 ], [ -120.816495022627691, 37.379187701523364 ], [ -120.816900232903521, 37.379204153243762 ], [ -120.817306829822257, 37.379189500665689 ], [ -120.817642764565704, 37.379172424828248 ], [ -120.818014366334509, 37.379148661101766 ], [ -120.818019161490312, 37.379148765831474 ], [ -120.818271915615313, 37.379131351386548 ], [ -120.818527120026005, 37.379109321641046 ], [ -120.818799547242094, 37.379084479578317 ], [ -120.818864955315021, 37.379089021272044 ], [ -120.819008472309633, 37.379095127709171 ], [ -120.819279349714577, 37.379084005342385 ], [ -120.819430689247909, 37.379068345271811 ], [ -120.819449936756712, 37.379066802339544 ], [ -120.819650083411375, 37.378994396897724 ], [ -120.819751400505339, 37.378938883787832 ], [ -120.819751534328688, 37.378958478298962 ], [ -120.819789297756756, 37.37894448591905 ], [ -120.819789890191174, 37.378914923167265 ], [ -120.819851247894221, 37.378886967468524 ], [ -120.819970125260525, 37.378805510800099 ], [ -120.820068232323933, 37.378755096032826 ], [ -120.820148080088288, 37.37867927213734 ], [ -120.820189099293941, 37.378630657097752 ], [ -120.820240239778144, 37.378547272402734 ], [ -120.820375959600057, 37.378448299932849 ], [ -120.820631347754258, 37.378297708373935 ], [ -120.820943995848424, 37.378149955077454 ], [ -120.821335393701432, 37.377964272932111 ], [ -120.821689096673566, 37.377786300893327 ], [ -120.821955778841385, 37.377636429239899 ], [ -120.822208111859183, 37.377503233199612 ], [ -120.822487474386762, 37.377388552206895 ], [ -120.822699811468027, 37.377280880650154 ], [ -120.82322943719025, 37.377059640492746 ], [ -120.823226596039376, 37.377184246186012 ], [ -120.823262103219122, 37.377186027755236 ], [ -120.823216249595546, 37.379582934563395 ], [ -120.823184313084752, 37.379582319403198 ], [ -120.82318748582, 37.379820143362664 ], [ -120.823206157879881, 37.379820887024607 ], [ -120.823201164219171, 37.379938638063884 ], [ -120.823179330057116, 37.379938209515593 ], [ -120.82316706995428, 37.379938251910012 ], [ -120.823166622202308, 37.380016695216028 ], [ -120.823197823757639, 37.380017411717368 ], [ -120.823161763058877, 37.380867710527987 ], [ -120.823160959427028, 37.381008563529321 ], [ -120.823155676692394, 37.381011255680093 ], [ -120.823154021604381, 37.381050272652907 ], [ -120.822978373234051, 37.38111670506688 ], [ -120.822882565787765, 37.381162802565115 ], [ -120.822877405687294, 37.381164090456096 ], [ -120.822842756240973, 37.381170710647808 ], [ -120.822726507328497, 37.381229947688553 ], [ -120.822446768067948, 37.381215224657133 ], [ -120.822382084044705, 37.381200524158686 ], [ -120.822356599605797, 37.381199860654789 ], [ -120.822198654719145, 37.381162493549539 ], [ -120.822165339668075, 37.381151263160035 ], [ -120.822122860661665, 37.381141609125891 ], [ -120.821828397626888, 37.381038546786719 ], [ -120.821827835374833, 37.381031370830705 ], [ -120.821804756605587, 37.381022720926019 ], [ -120.821806340688994, 37.380899390682949 ], [ -120.821762514010146, 37.380894429212958 ], [ -120.821706691172054, 37.380891431528703 ], [ -120.821678821649115, 37.380884954814256 ], [ -120.821669556720252, 37.380883905862042 ], [ -120.821566219203547, 37.380931384743661 ], [ -120.821532704314592, 37.38099003680243 ], [ -120.820904298174227, 37.381006793914871 ], [ -120.82012367933288, 37.381206486649113 ], [ -120.81964469384954, 37.381365684029532 ], [ -120.819076336092849, 37.381619839045378 ], [ -120.819066403404648, 37.381627288648012 ], [ -120.819061430555294, 37.38163322609774 ], [ -120.819047161753105, 37.381641719362996 ], [ -120.818964619586083, 37.381703625929475 ], [ -120.818861281459561, 37.381737141314098 ], [ -120.81886686724097, 37.382100220072253 ], [ -120.818824974279011, 37.382136528480153 ], [ -120.818830559292238, 37.382223108670104 ], [ -120.81873280810764, 37.382365546954283 ], [ -120.817961962665933, 37.383002331593708 ], [ -120.817713393860458, 37.383164320695876 ], [ -120.817545818530917, 37.383172699544502 ], [ -120.817527593572962, 37.383164652447654 ], [ -120.817463917158776, 37.383145936382526 ], [ -120.817369301246814, 37.383094756642684 ], [ -120.817330764916321, 37.383077740200555 ], [ -120.817305260066036, 37.383060115310272 ], [ -120.817300131503373, 37.38305734187923 ], [ -120.817145149761274, 37.382950160122391 ], [ -120.817045289069995, 37.382885018073864 ], [ -120.817029309983013, 37.382869418531044 ], [ -120.816987235532096, 37.382840342602456 ], [ -120.816853646766731, 37.38269792704245 ], [ -120.81676499474267, 37.382611380768424 ], [ -120.81653177434508, 37.382357011243258 ], [ -120.816338758296766, 37.382146624269197 ], [ -120.816195820314348, 37.381952619706553 ], [ -120.816182634444999, 37.381936645574804 ], [ -120.81612332208887, 37.381874189315589 ], [ -120.816039359477642, 37.381802772506553 ], [ -120.815973505035771, 37.381754982408729 ], [ -120.815970406264881, 37.381752482001957 ], [ -120.815965758065204, 37.381748727343719 ], [ -120.815886990655741, 37.381683825858673 ], [ -120.815646636946809, 37.381611460490497 ], [ -120.81564668266688, 37.381608472555854 ], [ -120.815640244560257, 37.381607159094685 ], [ -120.815642490763949, 37.381408176745722 ] ], [ [ -120.821826015379955, 37.378862226958454 ], [ -120.821823276514465, 37.378775903399507 ], [ -120.821807303658275, 37.378768982139732 ], [ -120.821768897133595, 37.378766155877891 ], [ -120.821739683052101, 37.378766675769171 ], [ -120.821725069678052, 37.378813009588882 ], [ -120.821735783045753, 37.378855573023621 ], [ -120.821760620330807, 37.378868740381527 ], [ -120.821811087483823, 37.378867552163051 ], [ -120.821826015379955, 37.378862226958454 ] ], [ [ -120.821446519678574, 37.379229741768718 ], [ -120.821442892708774, 37.379225374841653 ], [ -120.821422950640454, 37.379200633406981 ], [ -120.821421141123949, 37.379197723925763 ], [ -120.821396326588555, 37.379174085711 ], [ -120.821371148059697, 37.379164479509768 ], [ -120.821296801926891, 37.37916522755085 ], [ -120.821257223726931, 37.379218080127821 ], [ -120.821254784304116, 37.379340626420223 ], [ -120.821259633802825, 37.379348835284709 ], [ -120.821298877866255, 37.379368622696319 ], [ -120.821403012343438, 37.379376636733021 ], [ -120.821409149328488, 37.379374712441148 ], [ -120.821418296762516, 37.379371844395124 ], [ -120.821423792258145, 37.379368962834292 ], [ -120.821439891885547, 37.37936051873195 ], [ -120.821456265977503, 37.37934186749299 ], [ -120.82146564342294, 37.379283700267763 ], [ -120.821464517238326, 37.379274791936645 ], [ -120.821460907292163, 37.37926752363159 ], [ -120.821460950400208, 37.379260267932175 ], [ -120.821448312169494, 37.379235552628209 ], [ -120.821446519678574, 37.379229741768718 ] ] ], [ [ [ -120.835032719946483, 37.373596237678655 ], [ -120.834997053437704, 37.373625088229595 ], [ -120.834884106035972, 37.373752452162257 ], [ -120.834871198833326, 37.373752381551483 ], [ -120.834868219266596, 37.373756080061966 ], [ -120.834745737808888, 37.3737516923564 ], [ -120.834200663133217, 37.373748696197232 ], [ -120.833793176494012, 37.373748409048808 ], [ -120.833415716743929, 37.373744378628302 ], [ -120.833050443922573, 37.373742366930365 ], [ -120.832631639715274, 37.373741560274091 ], [ -120.832309948498008, 37.373738285517796 ], [ -120.831771727404472, 37.373735316749283 ], [ -120.831767934406841, 37.373726692499972 ], [ -120.831761307866429, 37.373726510246001 ], [ -120.831750959841671, 37.37368809323155 ], [ -120.831711278366583, 37.373597860551143 ], [ -120.831698012364711, 37.373597860471918 ], [ -120.831666831785412, 37.373600353203159 ], [ -120.831664937813301, 37.373617395280434 ], [ -120.831662914542264, 37.373737673868014 ], [ -120.83160433350578, 37.373731257262151 ], [ -120.831254863024569, 37.373737729235472 ], [ -120.829257354103902, 37.373718051718889 ], [ -120.829065899062513, 37.373717263367801 ], [ -120.829043561544665, 37.373715943388518 ], [ -120.829013270669179, 37.373715644919756 ], [ -120.829013407017655, 37.373714160502345 ], [ -120.829002876475727, 37.373713538350835 ], [ -120.829009601419443, 37.373622467393005 ], [ -120.829067663494811, 37.373564317050658 ], [ -120.829070129891306, 37.373563289622382 ], [ -120.829141861390951, 37.373472823452815 ], [ -120.829145716984797, 37.373471740477271 ], [ -120.829215207180582, 37.373396413321963 ], [ -120.829225842198525, 37.373382062395947 ], [ -120.829247786968551, 37.373344893145351 ], [ -120.829248883201402, 37.373343904934522 ], [ -120.829249730303474, 37.373334040133543 ], [ -120.829248560185235, 37.373327176998082 ], [ -120.829251377183283, 37.373244078632055 ], [ -120.829255089615046, 37.373025302734405 ], [ -120.829264736450369, 37.372708594562418 ], [ -120.829265892938452, 37.372393430722468 ], [ -120.82926665400818, 37.372153278829053 ], [ -120.829267420143353, 37.371972109417058 ], [ -120.829268412401177, 37.371776126223061 ], [ -120.82926998941258, 37.371655954227492 ], [ -120.829272887601505, 37.371460737729677 ], [ -120.82927435929868, 37.37135145543288 ], [ -120.829279763756077, 37.371268688986184 ], [ -120.829291901744313, 37.371239670118214 ], [ -120.829548119945372, 37.371138755295661 ], [ -120.829762485636437, 37.371033375054374 ], [ -120.830058091838055, 37.37089596715424 ], [ -120.830341623887776, 37.370763539259528 ], [ -120.830673700220615, 37.370617642391466 ], [ -120.830971795556579, 37.37048609474531 ], [ -120.830984749050941, 37.370488571029988 ], [ -120.8310192918496, 37.370472881916164 ], [ -120.8311039508812, 37.370575944601768 ], [ -120.831119515660674, 37.370607073482965 ], [ -120.831171943022525, 37.370611984990497 ], [ -120.831176348447897, 37.370569998783907 ], [ -120.831172534795584, 37.370391193035701 ], [ -120.831358280074681, 37.370305918941199 ], [ -120.831396762331437, 37.370303968187777 ], [ -120.831416816313222, 37.37029620491554 ], [ -120.831453624875749, 37.370299886633639 ], [ -120.83146949885176, 37.370327564178531 ], [ -120.831508269032255, 37.370372038864197 ], [ -120.831508479807965, 37.370374028248058 ], [ -120.83156237825132, 37.370489509458309 ], [ -120.831597174805168, 37.370550177977051 ], [ -120.831586131094454, 37.370690048471971 ], [ -120.831508835994342, 37.370752620974642 ], [ -120.831460985229825, 37.370833598389893 ], [ -120.83143890052699, 37.370896171561597 ], [ -120.83144626300512, 37.371058125180078 ], [ -120.831463295594034, 37.371099491321964 ], [ -120.831490161913777, 37.371127947703847 ], [ -120.831505556368597, 37.371134678286793 ], [ -120.831531812317706, 37.371145514504732 ], [ -120.831668986553609, 37.371191133191509 ], [ -120.83171516030751, 37.371206650518353 ], [ -120.831715209213357, 37.371213238978243 ], [ -120.831726001492484, 37.37121639868267 ], [ -120.831733363134816, 37.371459330485578 ], [ -120.831739485820592, 37.371493004530016 ], [ -120.831773431553231, 37.371501590158701 ], [ -120.831790912092671, 37.371445841180865 ], [ -120.831792125523847, 37.371377557114968 ], [ -120.831821066297792, 37.371355595154512 ], [ -120.831812535105271, 37.37119007553656 ], [ -120.831823881291882, 37.371152922187633 ], [ -120.831923618244886, 37.371074525077667 ], [ -120.831947011166747, 37.371020070730417 ], [ -120.831953783892487, 37.371004617492311 ], [ -120.831957890731502, 37.370988190586353 ], [ -120.831999284777865, 37.370970110754577 ], [ -120.832250285048744, 37.370853375247556 ], [ -120.832424165289211, 37.370805142263471 ], [ -120.832506596225784, 37.370773341602465 ], [ -120.832622989150806, 37.370745788198136 ], [ -120.832635153135058, 37.370741578461477 ], [ -120.832819940714359, 37.370688334281489 ], [ -120.832845152461203, 37.370678336057509 ], [ -120.832864834588833, 37.37063423956802 ], [ -120.832866621006403, 37.37052054684851 ], [ -120.832864555257615, 37.370516369065662 ], [ -120.832806132411037, 37.370422878826481 ], [ -120.832691268213267, 37.370208438867209 ], [ -120.832689628918956, 37.370206320925639 ], [ -120.832633212304202, 37.370084535287994 ], [ -120.832617314533408, 37.369991123865589 ], [ -120.832623985779549, 37.369886087322399 ], [ -120.832901410976319, 37.369788964557237 ], [ -120.834595549442753, 37.369255118123988 ], [ -120.835416229758266, 37.368995134578299 ], [ -120.835416851429869, 37.369004401688144 ], [ -120.835428860874885, 37.36900057148484 ], [ -120.835434382466403, 37.369203015301288 ], [ -120.835349724434522, 37.369376010747729 ], [ -120.83533992345572, 37.36938036073456 ], [ -120.835237460481281, 37.369578454306428 ], [ -120.835220866705043, 37.369840638434312 ], [ -120.835212979498721, 37.370139134895126 ], [ -120.835236122592249, 37.370278945202188 ], [ -120.835282812377741, 37.370435492490053 ], [ -120.835352844671419, 37.370586649352461 ], [ -120.835395344841686, 37.370672816438649 ], [ -120.835693877342763, 37.37107284818142 ], [ -120.835990803780092, 37.371478177496506 ], [ -120.836043091260663, 37.37154475397562 ], [ -120.836053016315077, 37.371563103129141 ], [ -120.83615765486293, 37.371705940852742 ], [ -120.836135570256076, 37.372199164806261 ], [ -120.836126831684766, 37.372201350115461 ], [ -120.836126790107983, 37.372204230084648 ], [ -120.836087223328207, 37.372211252118674 ], [ -120.836017784914247, 37.372228611598125 ], [ -120.836039870081194, 37.372368481318432 ], [ -120.835922085292069, 37.372581966469163 ], [ -120.835171581973924, 37.373428282059336 ], [ -120.835103524301076, 37.37351653559633 ], [ -120.835032719946483, 37.373596237678655 ] ], [ [ -120.834870611606249, 37.369500690816267 ], [ -120.834864241637334, 37.36940974714134 ], [ -120.834771318879262, 37.369389388411363 ], [ -120.834758427705779, 37.369388553005663 ], [ -120.834754827992029, 37.369410584685632 ], [ -120.834755433436612, 37.369521281182429 ], [ -120.834807302843814, 37.36957431558185 ], [ -120.834827305930759, 37.369574671143148 ], [ -120.834871091124782, 37.369571288606046 ], [ -120.834870611606249, 37.369500690816267 ] ], [ [ -120.831785903618794, 37.37262081740915 ], [ -120.83178077958668, 37.372430075748163 ], [ -120.831745347275501, 37.372432952628472 ], [ -120.831726087418588, 37.37245155709801 ], [ -120.831724963872375, 37.372450269489889 ], [ -120.831721686033532, 37.372454411715665 ], [ -120.831702072905031, 37.372425496342174 ], [ -120.831683650018078, 37.372426066625088 ], [ -120.831665676245507, 37.372427780783497 ], [ -120.831667877492663, 37.372605460604404 ], [ -120.831728150840249, 37.372598575311393 ], [ -120.831785903618794, 37.37262081740915 ] ], [ [ -120.833966999424021, 37.370614516299085 ], [ -120.833963399379314, 37.370555137008061 ], [ -120.833910921625773, 37.370523180960468 ], [ -120.833900729541682, 37.370521838080904 ], [ -120.833777937356302, 37.370560056604937 ], [ -120.833777609909561, 37.370561635026831 ], [ -120.833782083451041, 37.370605116456851 ], [ -120.833800292526121, 37.370647336778291 ], [ -120.833860765597365, 37.3706743241151 ], [ -120.833863225960371, 37.370674913242027 ], [ -120.833864655540594, 37.370676060147815 ], [ -120.83386580218432, 37.37067657210374 ], [ -120.833881772583183, 37.370675653396333 ], [ -120.833966999424021, 37.370614516299085 ] ], [ [ -120.833732596291398, 37.371012699102828 ], [ -120.833692929426789, 37.371004388855745 ], [ -120.833797237141283, 37.370979991045502 ], [ -120.833804993167789, 37.370870113203523 ], [ -120.833798208888496, 37.370863311878573 ], [ -120.833764200425918, 37.370848330980543 ], [ -120.833626296380302, 37.370832812927979 ], [ -120.833618949320766, 37.370841184889642 ], [ -120.833608054516901, 37.370885842573152 ], [ -120.833620848074531, 37.370982387353742 ], [ -120.833646762329906, 37.370994717964265 ], [ -120.833692929426789, 37.371004388855745 ], [ -120.833679662011122, 37.371007493592053 ], [ -120.833732596291398, 37.371012699102828 ] ], [ [ -120.833509079068989, 37.371224624823519 ], [ -120.833502794912974, 37.371216214165955 ], [ -120.833500703063834, 37.371212851630602 ], [ -120.833498620943331, 37.371207811239678 ], [ -120.833448237327403, 37.371158981501495 ], [ -120.833344968859961, 37.371130091859378 ], [ -120.833306888939518, 37.371145054299774 ], [ -120.83328337144323, 37.371165118294122 ], [ -120.833281432292296, 37.371167182982312 ], [ -120.8332814161692, 37.371170124845939 ], [ -120.833275026076237, 37.371180167881676 ], [ -120.833273284316959, 37.371215657395616 ], [ -120.833274669191823, 37.371242235922011 ], [ -120.833280785970388, 37.371280841640178 ], [ -120.83328074814797, 37.371287551255541 ], [ -120.833303747560166, 37.371326217946958 ], [ -120.833305829661001, 37.371331257441703 ], [ -120.833312134410605, 37.371336313289937 ], [ -120.833363016645222, 37.371360264261014 ], [ -120.833430678764202, 37.371358805101416 ], [ -120.833510638749559, 37.371326874392835 ], [ -120.83352562263822, 37.371285075895507 ], [ -120.833525689612529, 37.371273331813647 ], [ -120.833525699350318, 37.371271654857608 ], [ -120.833509079068989, 37.371224624823519 ] ], [ [ -120.833066061656709, 37.372684529552004 ], [ -120.832922790740568, 37.372681903721301 ], [ -120.832912189353664, 37.372682024595662 ], [ -120.832906181455684, 37.372890737418807 ], [ -120.832906577646767, 37.372973307861855 ], [ -120.833068126154956, 37.37297873330666 ], [ -120.833066061656709, 37.372684529552004 ] ], [ [ -120.834724794619618, 37.369722358081731 ], [ -120.834723969980132, 37.369720696865166 ], [ -120.834719866101253, 37.369717406019298 ], [ -120.834710693553262, 37.36970784075362 ], [ -120.834593191101831, 37.369698168786577 ], [ -120.834565933194341, 37.369723089290495 ], [ -120.834557715436247, 37.36984825495837 ], [ -120.834584997614584, 37.369877438230759 ], [ -120.834624062773671, 37.369893956911852 ], [ -120.834636363136198, 37.369905465943475 ], [ -120.834637139496209, 37.369909713001604 ], [ -120.834655830351579, 37.36991962003404 ], [ -120.834661311911532, 37.370097168987733 ], [ -120.834661488442308, 37.370097691329164 ], [ -120.83483240922115, 37.370132182836734 ], [ -120.834832928456294, 37.37013220079011 ], [ -120.834834989980791, 37.370132207939086 ], [ -120.834849148385246, 37.370123086480767 ], [ -120.83486926541903, 37.370046274680341 ], [ -120.834850158433639, 37.370001229706766 ], [ -120.834846064680335, 37.369996301488989 ], [ -120.834843395485422, 37.36999308785964 ], [ -120.834808137621621, 37.369962674963098 ], [ -120.834745525598308, 37.369917322087403 ], [ -120.8347313357866, 37.369896424391058 ], [ -120.834715285850677, 37.369882579235316 ], [ -120.834724794619618, 37.369722358081731 ] ] ] ] } },
{ "type": "Feature", "properties": { "OBJECTID": 1741, "Block_ID": "123", "PBLK_N": 101639.0, "Property": "LIVINGSTON RANCHES", "Shape_STAr": 286973.34828500001, "Shape_STLe": 2588.8142073499998, "Block_Cult": "MALBEC", "Block_Trel": "SPLIT", "Plany_Year": 2010.0, "SP": 5.0, "RW": 11.0, "Acerage": 70.05 }, "geometry": { "type": "Polygon", "coordinates": [ [ [ -120.848298590999761, 37.345742134159728 ], [ -120.844193526452585, 37.345692957234412 ], [ -120.844096915813012, 37.345665737315144 ], [ -120.839942031669409, 37.345626222855302 ], [ -120.83977896767756, 37.345461963411637 ], [ -120.839803475068692, 37.344359505962515 ], [ -120.839830148039127, 37.342141695328543 ], [ -120.844812541016864, 37.342189898085763 ], [ -120.844790873645707, 37.343460156594617 ], [ -120.845648461222467, 37.343472532169756 ], [ -120.845658049925589, 37.342168616085317 ], [ -120.848460543505524, 37.34217372944169 ], [ -120.8483989981886, 37.345743721277763 ], [ -120.848298590999761, 37.345742134159728 ] ] ] } }
]
}
